-0.0152757554277 , 0.998835942354
-0.0152662992881 , 0.998834239004
-0.0152568392858 , 0.998832531067
-0.0152473754261 , 0.998830818522
-0.0152379077129 , 0.998829101362
-0.0152284361494 , 0.998827379558
-0.0152189607416 , 0.998825653108
-0.0152094814929 , 0.99882392198
-0.0151999984081 , 0.998822186175
-0.0151905114903 , 0.998820445655
-0.0151810207458 , 0.998818700426
-0.0151715261768 , 0.99881695045
-0.0151620277897 , 0.99881519573
-0.0151525255884 , 0.99881343623
-0.0151430195748 , 0.998811671951
-0.0151335097561 , 0.998809902857
-0.0151239961352 , 0.998808128952
-0.0151144787181 , 0.998806350197
-0.0151049575071 , 0.998804566594
-0.0150954325061 , 0.998802778108
-0.0150859037206 , 0.998800984738
-0.0150763711561 , 0.998799186452
-0.0150668348145 , 0.998797383244
-0.0150572947013 , 0.998795575087
-0.0150477508213 , 0.99879376197
-0.0150382031771 , 0.998791943871
-0.0150286517745 , 0.998790120771
-0.0150190966171 , 0.99878829266
-0.0150095377087 , 0.998786459505
-0.0149999750548 , 0.998784621307
-0.0149904086587 , 0.998782778025
-0.0149808385242 , 0.998780929661
-0.0149712646565 , 0.998779076184
-0.0149616870594 , 0.99877721758
-0.0149521057374 , 0.998775353833
-0.0149425206958 , 0.998773484915
-0.0149329319371 , 0.99877161082
-0.0149233394645 , 0.998769731513
-0.0149137432852 , 0.998767846989
-0.0149041434023 , 0.998765957225
-0.0148945398184 , 0.998764062194
-0.014884932539 , 0.998762161892
-0.0148753215694 , 0.998760256281
-0.0148657069129 , 0.998758345355
-0.0148560885723 , 0.998756429093
-0.0148464665523 , 0.998754507465
-0.0148368408594 , 0.998752580466
-0.0148272114965 , 0.998750648065
-0.0148175784661 , 0.998748710244
-0.0148079417732 , 0.998746766991
-0.0147983014242 , 0.998744818271
-0.0147886574206 , 0.998742864075
-0.0147790097658 , 0.998740904385
-0.0147693584694 , 0.998738939164
-0.014759703529 , 0.998736968408
-0.0147500449519 , 0.998734992095
-0.0147403827419 , 0.99873301019
-0.0147307169039 , 0.998731022688
-0.014721047441 , 0.998729029565
-0.0147113743571 , 0.998727030788
-0.0147016976581 , 0.998725026349
-0.0146920173465 , 0.998723016227
-0.0146823334239 , 0.998721000385
-0.0146726459013 , 0.998718978817
-0.0146629547771 , 0.998716951502
-0.0146532600561 , 0.998714918403
-0.0146435617439 , 0.998712879511
-0.0146338598442 , 0.998710834805
-0.0146241543629 , 0.998708784256
-0.0146144453006 , 0.998706727841
-0.0146047326632 , 0.998704665545
-0.0145950164548 , 0.998702597346
-0.014585296679 , 0.998700523208
-0.0145755733394 , 0.99869844312
-0.0145658464426 , 0.998696357063
-0.0145561159903 , 0.998694265004
-0.0145463819865 , 0.99869216692
-0.0145366444361 , 0.998690062797
-0.0145269033432 , 0.998687952609
-0.0145171587123 , 0.998685836326
-0.0145074105461 , 0.998683713927
-0.01449765885 , 0.998681585394
-0.0144879036255 , 0.998679450703
-0.0144781448803 , 0.998677309823
-0.0144683826158 , 0.998675162731
-0.0144586168371 , 0.998673009409
-0.0144488475494 , 0.998670849834
-0.0144390747545 , 0.998668683976
-0.0144292984565 , 0.998666511806
-0.014419518661 , 0.998664333309
-0.014409735371 , 0.99866214846
-0.0143999485919 , 0.998659957234
-0.0143901583248 , 0.998657759596
-0.0143803645774 , 0.998655555529
-0.0143705673503 , 0.998653345009
-0.0143607666484 , 0.998651128012
-0.0143509624771 , 0.998648904512
-0.0143411548394 , 0.998646674473
-0.0143313437394 , 0.998644437879
-0.0143215291816 , 0.998642194704
-0.0143117111674 , 0.998639944923
-0.0143018897061 , 0.99863768851
-0.0142920647958 , 0.998635425434
-0.0142822364445 , 0.998633155666
-0.0142724046542 , 0.998630879187
-0.0142625694284 , 0.99862859597
-0.0142527307735 , 0.998626305989
-0.0142428886913 , 0.998624009215
-0.0142330431877 , 0.99862170562
-0.0142231942645 , 0.998619395172
-0.0142133419261 , 0.998617077851
-0.0142034861777 , 0.998614753628
-0.0141936270203 , 0.998612422477
-0.0141837644619 , 0.998610084371
-0.0141738985042 , 0.99860773928
-0.014164029151 , 0.998605387175
-0.0141541564071 , 0.998603028023
-0.0141442802752 , 0.998600661803
-0.01413440076 , 0.998598288485
-0.0141245178655 , 0.998595908042
-0.0141146315948 , 0.998593520444
-0.0141047419532 , 0.998591125663
-0.0140948489426 , 0.998588723669
-0.0140849525706 , 0.998586314434
-0.0140750528371 , 0.998583897924
-0.0140651497461 , 0.99858147411
-0.0140552433039 , 0.998579042966
-0.0140453335135 , 0.998576604462
-0.014035420379 , 0.998574158568
-0.0140255039026 , 0.998571705253
-0.0140155840903 , 0.998569244488
-0.0140056609448 , 0.998566776242
-0.0139957344703 , 0.998564300485
-0.0139858046703 , 0.998561817184
-0.0139758715487 , 0.998559326311
-0.01396593511 , 0.998556827833
-0.0139559953584 , 0.998554321719
-0.0139460522952 , 0.998551807934
-0.0139361059265 , 0.998549286451
-0.0139261562561 , 0.998546757236
-0.0139162032877 , 0.99854422026
-0.0139062470239 , 0.998541675489
-0.0138962874706 , 0.998539122892
-0.0138863246284 , 0.998536562435
-0.0138763585042 , 0.998533994086
-0.0138663891003 , 0.998531417813
-0.0138564164219 , 0.998528833582
-0.013846440471 , 0.99852624136
-0.0138364612519 , 0.998523641114
-0.0138264787684 , 0.998521032811
-0.0138164930265 , 0.998518416417
-0.0138065040271 , 0.998515791897
-0.0137965117732 , 0.998513159218
-0.0137865162739 , 0.998510518347
-0.0137765175265 , 0.998507869247
-0.0137665155377 , 0.998505211885
-0.0137565103123 , 0.998502546226
-0.0137465018529 , 0.998499872234
-0.0137364901635 , 0.998497189876
-0.0137264752474 , 0.998494499115
-0.0137164571084 , 0.998491799916
-0.013706435751 , 0.998489092243
-0.0136964111781 , 0.998486376061
-0.0136863833942 , 0.998483651332
-0.0136763524023 , 0.998480918022
-0.0136663182068 , 0.998478176093
-0.0136562808103 , 0.998475425508
-0.0136462402177 , 0.998472666232
-0.0136361964339 , 0.998469898226
-0.0136261494594 , 0.998467121453
-0.0136160993003 , 0.998464335877
-0.0136060459587 , 0.998461541458
-0.0135959894419 , 0.99845873816
-0.0135859297474 , 0.998455925939
-0.0135758668835 , 0.998453104761
-0.0135658008552 , 0.99845027459
-0.0135557316606 , 0.998447435383
-0.0135456593077 , 0.998444587104
-0.013535583799 , 0.998441729714
-0.0135255051387 , 0.998438863172
-0.01351542333 , 0.998435987438
-0.0135053383768 , 0.998433102475
-0.0134952502819 , 0.99843020824
-0.013485159051 , 0.998427304694
-0.0134750646858 , 0.998424391797
-0.01346496719 , 0.998421469504
-0.0134548665681 , 0.998418537772
-0.0134447628235 , 0.998415596566
-0.0134346559603 , 0.998412645843
-0.0134245459813 , 0.998409685562
-0.0134144328913 , 0.998406715682
-0.0134043166929 , 0.99840373616
-0.01339419739 , 0.998400746953
-0.0133840749848 , 0.998397748019
-0.0133739494839 , 0.998394739312
-0.0133638208903 , 0.998391720785
-0.0133536892048 , 0.998388692401
-0.0133435544335 , 0.998385654118
-0.0133334165797 , 0.99838260589
-0.0133232756474 , 0.998379547675
-0.0133131316397 , 0.998376479428
-0.0133029845597 , 0.998373401103
-0.0132928344126 , 0.998370312644
-0.0132826811981 , 0.998367214018
-0.0132725249242 , 0.99836410518
-0.0132623655923 , 0.998360986084
-0.0132522032068 , 0.998357856684
-0.0132420377713 , 0.998354716935
-0.013231869289 , 0.998351566777
-0.0132216977635 , 0.998348406173
-0.0132115231977 , 0.998345235079
-0.0132013455958 , 0.998342053447
-0.0131911649626 , 0.998338861231
-0.0131809812997 , 0.99833565838
-0.0131707946116 , 0.998332444833
-0.0131606049016 , 0.998329220558
-0.0131504121742 , 0.998325985504
-0.013140216431 , 0.998322739624
-0.0131300176771 , 0.998319482869
-0.0131198159158 , 0.998316215171
-0.0131096111497 , 0.998312936496
-0.0130994033839 , 0.998309646796
-0.0130891926203 , 0.99830634602
-0.0130789788632 , 0.998303034117
-0.0130687621177 , 0.998299711018
-0.0130585423845 , 0.99829637669
-0.0130483196697 , 0.998293031083
-0.0130380939742 , 0.998289674143
-0.0130278653029 , 0.998286305807
-0.0130176336594 , 0.998282926025
-0.0130073990477 , 0.998279534754
-0.012997161469 , 0.99827613194
-0.012986920929 , 0.998272717523
-0.0129766774326 , 0.998269291441
-0.0129664309787 , 0.998265853654
-0.0129561815748 , 0.99826240411
-0.0129459292239 , 0.998258942746
-0.0129356739268 , 0.998255469496
-0.012925415689 , 0.998251984322
-0.0129151545135 , 0.99824848717
-0.0129048904061 , 0.998244977973
-0.0128946233658 , 0.998241456667
-0.0128843533981 , 0.998237923214
-0.0128740805081 , 0.998234377556
-0.0128638046977 , 0.998230819615
-0.0128535259703 , 0.998227249346
-0.0128432443306 , 0.998223666699
-0.0128329597803 , 0.998220071611
-0.0128226723223 , 0.998216464001
-0.0128123819632 , 0.998212843836
-0.0128020887039 , 0.998209211058
-0.0127917925477 , 0.998205565583
-0.0127814934987 , 0.998201907364
-0.0127711915626 , 0.998198236351
-0.0127608867397 , 0.998194552469
-0.0127505790335 , 0.998190855648
-0.0127402684484 , 0.998187145849
-0.0127299549897 , 0.998183423005
-0.0127196386577 , 0.998179687026
-0.0127093194565 , 0.99817593788
-0.0126989973887 , 0.998172175504
-0.0126886724613 , 0.998168399799
-0.0126783446742 , 0.998164610736
-0.0126680140326 , 0.998160808252
-0.0126576805384 , 0.998156992244
-0.0126473441955 , 0.998153162682
-0.0126370050081 , 0.998149319502
-0.0126266629777 , 0.998145462599
-0.0126163181106 , 0.998141591945
-0.0126059704081 , 0.998137707471
-0.0125956198742 , 0.998133809074
-0.0125852665126 , 0.998129896725
-0.0125749103248 , 0.998125970344
-0.0125645513161 , 0.998122029842
-0.0125541894906 , 0.998118075182
-0.0125438248487 , 0.998114106273
-0.0125334573952 , 0.998110123042
-0.0125230871348 , 0.998106125445
-0.0125127140684 , 0.998102113372
-0.012502338201 , 0.998098086779
-0.0124919595365 , 0.9980940456
-0.0124815780768 , 0.998089989724
-0.0124711938239 , 0.998085919121
-0.0124608067845 , 0.998081833694
-0.012450416961 , 0.99807773337
-0.0124400243545 , 0.998073618098
-0.0124296289706 , 0.998069487756
-0.012419230811 , 0.998065342315
-0.0124088298816 , 0.99806118168
-0.0123984261826 , 0.998057005766
-0.0123880197181 , 0.998052814527
-0.0123776104929 , 0.998048607836
-0.0123671985094 , 0.998044385663
-0.012356783771 , 0.998040147905
-0.0123463662803 , 0.998035894484
-0.0123359460416 , 0.998031625342
-0.0123255230568 , 0.998027340356
-0.0123150973313 , 0.998023039497
-0.0123046688665 , 0.998018722638
-0.0122942376645 , 0.998014389729
-0.0122838037326 , 0.998010040677
-0.0122733670716 , 0.998005675393
-0.0122629276845 , 0.998001293818
-0.0122524855755 , 0.997996895825
-0.0122420407471 , 0.997992481384
-0.0122315932035 , 0.997988050353
-0.0122211429465 , 0.997983602698
-0.0122106899784 , 0.997979138295
-0.0122002343077 , 0.997974657084
-0.0121897759319 , 0.997970158963
-0.0121793148568 , 0.997965643846
-0.0121688510845 , 0.997961111656
-0.0121583846203 , 0.997956562281
-0.0121479154661 , 0.997951995666
-0.0121374436239 , 0.997947411677
-0.0121269690981 , 0.997942810275
-0.0121164918939 , 0.997938191309
-0.0121060120116 , 0.997933554754
-0.0120955294545 , 0.997928900446
-0.0120850442265 , 0.997924228363
-0.0120745563319 , 0.997919538345
-0.0120640657745 , 0.997914830361
-0.0120535725542 , 0.997910104255
-0.0120430766752 , 0.997905359988
-0.0120325781429 , 0.99790059741
-0.012022076959 , 0.997895816478
-0.0120115731268 , 0.99789101704
-0.0120010666487 , 0.997886199052
-0.0119905575284 , 0.997881362358
-0.0119800457694 , 0.99787650692
-0.0119695313742 , 0.997871632572
-0.0119590143481 , 0.997866739283
-0.0119484946903 , 0.997861826875
-0.0119379724081 , 0.997856895325
-0.0119274475026 , 0.997851944453
-0.0119169199765 , 0.997846974224
-0.0119063898352 , 0.997841984475
-0.0118958570787 , 0.99783697515
-0.0118853217119 , 0.997831946103
-0.0118747837381 , 0.997826897256
-0.01186424316 , 0.997821828485
-0.0118536999803 , 0.997816739686
-0.0118431542032 , 0.997811630759
-0.0118326058326 , 0.997806501571
-0.0118220548687 , 0.997801352051
-0.0118115013158 , 0.997796182029
-0.0118009451787 , 0.997790991462
-0.011790386459 , 0.997785780167
-0.0117798251594 , 0.99778054809
-0.0117692612832 , 0.997775295078
-0.0117586948358 , 0.997770021032
-0.0117481258168 , 0.997764725843
-0.0117375542316 , 0.997759409363
-0.0117269800835 , 0.997754071528
-0.0117164033726 , 0.997748712144
-0.0117058241061 , 0.997743331163
-0.0116952422855 , 0.997737928423
-0.0116846579126 , 0.997732503814
-0.011674070991 , 0.997727057233
-0.0116634815242 , 0.997721588506
-0.0116528895168 , 0.997716097574
-0.0116422949684 , 0.997710584254
-0.0116316978855 , 0.997705048456
-0.0116210982684 , 0.997699490056
-0.0116104961216 , 0.997693908885
-0.0115998914471 , 0.997688304874
-0.0115892842516 , 0.997682677838
-0.0115786745332 , 0.997677027679
-0.0115680622971 , 0.997671354276
-0.0115574475465 , 0.997665657443
-0.0115468302858 , 0.997659937113
-0.0115362105145 , 0.997654193106
-0.011525588239 , 0.997648425298
-0.0115149634603 , 0.997642633584
-0.0115043361816 , 0.997636817759
-0.0114937064074 , 0.997630977745
-0.01148307414 , 0.997625113396
-0.0114724393819 , 0.997619224525
-0.0114618021352 , 0.997613311051
-0.0114511624061 , 0.997607372798
-0.0114405201939 , 0.997601409613
-0.0114298755042 , 0.997595421395
-0.0114192283381 , 0.997589407947
-0.011408578701 , 0.997583369146
-0.0113979265945 , 0.997577304871
-0.0113872720206 , 0.997571214911
-0.0113766149842 , 0.997565099161
-0.0113659554861 , 0.997558957484
-0.0113552935313 , 0.997552789664
-0.0113446291219 , 0.997546595601
-0.0113339622619 , 0.99754037515
-0.0113232929529 , 0.99753412809
-0.0113126211981 , 0.997527854321
-0.011301947001 , 0.997521553691
-0.0112912703645 , 0.99751522598
-0.0112805912913 , 0.997508871077
-0.0112699097845 , 0.997502488831
-0.0112592258468 , 0.997496079027
-0.011248539481 , 0.99748964153
-0.0112378506906 , 0.997483176196
-0.0112271594784 , 0.997476682821
-0.0112164658465 , 0.997470161238
-0.0112057698 , 0.997463611312
-0.01119507134 , 0.997457032856
-0.0111843704703 , 0.997450425658
-0.0111736671932 , 0.9974437896
-0.0111629615113 , 0.997437124506
-0.011152253429 , 0.997430430138
-0.0111415429477 , 0.99742370637
-0.0111308300706 , 0.997416953033
-0.011120114801 , 0.997410169917
-0.0111093971432 , 0.997403356827
-0.0110986770968 , 0.997396513619
-0.0110879546684 , 0.997389640111
-0.0110772298594 , 0.997382736057
-0.0110665026694 , 0.997375801314
-0.0110557731065 , 0.997368835706
-0.0110450411716 , 0.997361839031
-0.0110343068661 , 0.997354811048
-0.0110235701935 , 0.997347751621
-0.01101283116 , 0.997340660556
-0.0110020897658 , 0.997333537631
-0.010991346011 , 0.997326382625
-0.0109805999029 , 0.997319195383
-0.0109698514423 , 0.997311975704
-0.0109591006335 , 0.997304723357
-0.0109483474781 , 0.997297438122
-0.0109375919784 , 0.997290119833
-0.0109268341387 , 0.997282768282
-0.0109160739619 , 0.997275383238
-0.01090531145 , 0.997267964462
-0.0108945466061 , 0.997260511788
-0.0108837794326 , 0.997253024999
-0.0108730099339 , 0.997245503875
-0.01086223811 , 0.997237948137
-0.0108514639652 , 0.997230357627
-0.0108406875055 , 0.997222732124
-0.0108299087281 , 0.997215071399
-0.0108191276397 , 0.997207375191
-0.0108083442423 , 0.997199643283
-0.0107975585381 , 0.997191875469
-0.0107867705316 , 0.99718407152
-0.0107759802229 , 0.997176231198
-0.0107651876158 , 0.997168354212
-0.0107543927142 , 0.997160440376
-0.0107435955197 , 0.997152489454
-0.0107327960368 , 0.997144501205
-0.0107219942665 , 0.997136475384
-0.0107111902123 , 0.997128411686
-0.0107003838768 , 0.997120309919
-0.0106895752648 , 0.997112169838
-0.0106787643739 , 0.997103991185
-0.0106679512142 , 0.997095773712
-0.010657135781 , 0.997087517111
-0.0106463180816 , 0.997079221156
-0.0106354981187 , 0.997070885601
-0.0106246758945 , 0.997062510182
-0.01061385141 , 0.997054094631
-0.0106030246703 , 0.997045638675
-0.0105921956777 , 0.997037142001
-0.0105813644326 , 0.997028604384
-0.0105705309426 , 0.997020025554
-0.0105596952055 , 0.997011405228
-0.0105488572277 , 0.997002743129
-0.010538017009 , 0.996994038968
-0.0105271745555 , 0.996985292418
-0.0105163298661 , 0.996976503238
-0.0105054829468 , 0.996967671142
-0.0104946337971 , 0.996958795834
-0.0104837824239 , 0.996949877023
-0.0104729288268 , 0.996940914408
-0.010462073009 , 0.996931907663
-0.0104512149739 , 0.996922856488
-0.0104403547248 , 0.996913760602
-0.0104294922635 , 0.996904619697
-0.0104186275916 , 0.99689543346
-0.0104077607139 , 0.99688620158
-0.0103968916323 , 0.996876923739
-0.0103860203497 , 0.99686759961
-0.0103751468687 , 0.996858228839
-0.0103642711913 , 0.99684881114
-0.0103533933229 , 0.996839346187
-0.0103425132623 , 0.996829833645
-0.0103316310139 , 0.996820273183
-0.0103207465816 , 0.996810664464
-0.0103098599665 , 0.996801007146
-0.010298971171 , 0.996791300886
-0.0102880802 , 0.996781545307
-0.0102771870529 , 0.996771740078
-0.0102662917377 , 0.996761884862
-0.010255394251 , 0.996751979297
-0.010244494599 , 0.996742023028
-0.0102335927832 , 0.99673201569
-0.0102226888055 , 0.996721956917
-0.0102117826732 , 0.996711846343
-0.0102008743826 , 0.99670168359
-0.0101899639387 , 0.996691468284
-0.0101790513471 , 0.996681200026
-0.0101681366071 , 0.996670878435
-0.0101572197206 , 0.99666050314
-0.0101463006942 , 0.996650073753
-0.0101353795284 , 0.996639589879
-0.0101244562245 , 0.996629051118
-0.0101135307884 , 0.996618457072
-0.010102603219 , 0.99660780733
-0.0100916735197 , 0.996597101485
-0.0100807416958 , 0.996586339125
-0.0100698077484 , 0.996575519832
-0.0100588716784 , 0.996564643182
-0.0100479334919 , 0.996553708755
-0.0100369931874 , 0.996542716115
-0.0100260507713 , 0.99653166481
-0.0100151062439 , 0.99652055442
-0.010004159611 , 0.996509384511
-0.00999321087023 , 0.99649815463
-0.00998226002755 , 0.996486864331
-0.00997130708487 , 0.996475513158
-0.00996035204484 , 0.996464100651
-0.00994939490971 , 0.996452626347
-0.00993843568258 , 0.996441089776
-0.00992747436568 , 0.996429490467
-0.00991651096181 , 0.99641782794
-0.00990554547345 , 0.996406101715
-0.00989457790323 , 0.996394311302
-0.00988360825361 , 0.996382456211
-0.00987263652752 , 0.996370535945
-0.00986166272703 , 0.996358550001
-0.00985068685519 , 0.996346497872
-0.00983970891432 , 0.996334379048
-0.00982872890723 , 0.996322193009
-0.00981774683603 , 0.996309939235
-0.0098067627039 , 0.996297617198
-0.00979577651281 , 0.996285226364
-0.00978478826574 , 0.996272766195
-0.00977379796506 , 0.996260236148
-0.00976280561348 , 0.996247635674
-0.00975181121332 , 0.996234964216
-0.00974081476729 , 0.996222221216
-0.00972981627794 , 0.996209406106
-0.00971881574774 , 0.996196518314
-0.00970781317929 , 0.996183557263
-0.0096968085751 , 0.996170522368
-0.00968580193777 , 0.99615741304
-0.00967479326984 , 0.996144228681
-0.00966378257365 , 0.996130968691
-0.00965276985203 , 0.99611763246
-0.00964175510729 , 0.996104219373
-0.009630738342 , 0.996090728809
-0.00961971955865 , 0.99607716014
-0.00960869875994 , 0.996063512732
-0.00959767594813 , 0.996049785943
-0.00958665112587 , 0.996035979125
-0.00957562429574 , 0.996022091624
-0.00956459546006 , 0.996008122777
-0.00955356462155 , 0.995994071916
-0.00954253178252 , 0.995979938365
-0.00953149694558 , 0.995965721441
-0.00952046011326 , 0.995951420453
-0.0095094212879 , 0.995937034703
-0.0094983804721 , 0.995922563485
-0.00948733766839 , 0.995908006087
-0.00947629287916 , 0.995893361788
-0.00946524610697 , 0.995878629859
-0.00945419735423 , 0.995863809563
-0.00944314662348 , 0.995848900156
-0.00943209391729 , 0.995833900885
-0.00942103923787 , 0.995818810988
-0.0094099825879 , 0.995803629685
-0.00939892396974 , 0.995788356178
-0.00938786338597 , 0.995772989711
-0.00937680083897 , 0.995757529487
-0.0093657363311 , 0.995741974703
-0.00935466986513 , 0.995726324545
-0.00934360144332 , 0.995710578192
-0.00933253106784 , 0.995694734811
-0.00932145874177 , 0.995678793564
-0.00931038446703 , 0.995662753598
-0.00929930824629 , 0.995646614055
-0.00928823008187 , 0.995630374065
-0.00927714997635 , 0.995614032748
-0.00926606793216 , 0.995597589216
-0.00925498395158 , 0.995581042556
-0.00924389803719 , 0.995564391813
-0.00923281019126 , 0.995547636121
-0.00922172041648 , 0.995530774551
-0.00921062871506 , 0.995513806161
-0.00919953508945 , 0.995496729998
-0.0091884395421 , 0.995479545098
-0.00917734207552 , 0.995462250489
-0.00916624269194 , 0.995444845182
-0.00915514139377 , 0.99542732818
-0.00914403818374 , 0.995409698475
-0.00913293306381 , 0.995391954984
-0.00912182603665 , 0.995374096698
-0.00911071710461 , 0.995356122605
-0.00909960627019 , 0.995338031647
-0.00908849353545 , 0.995319822755
-0.00907737890323 , 0.995301494844
-0.00906626237561 , 0.99528304682
-0.00905514395503 , 0.995264477572
-0.0090440236439 , 0.995245785979
-0.00903290144468 , 0.995226970807
-0.00902177735968 , 0.995208030976
-0.00901065139126 , 0.995188965346
-0.00899952354194 , 0.995169772739
-0.00898839381371 , 0.995150451963
-0.00897726220939 , 0.995131001811
-0.00896612873106 , 0.995111421061
-0.00895499338113 , 0.995091708469
-0.00894385616216 , 0.995071862653
-0.00893271707626 , 0.995051882479
-0.008921576126 , 0.995031766665
-0.00891043331361 , 0.995011513909
-0.00889928864139 , 0.994991122899
-0.00888814211171 , 0.994970592301
-0.008876993727 , 0.994949920761
-0.00886584348961 , 0.994929106756
-0.00885469140171 , 0.994908149063
-0.0088435374659 , 0.994887046281
-0.00883238168423 , 0.994865796992
-0.00882122405935 , 0.994844399761
-0.00881006459329 , 0.994822853133
-0.00879890328865 , 0.994801155518
-0.00878774014758 , 0.994779305459
-0.00877657517248 , 0.994757301522
-0.00876540836552 , 0.994735142174
-0.00875423972913 , 0.994712825867
-0.00874306926581 , 0.994690351029
-0.00873189697748 , 0.994667715938
-0.00872072286684 , 0.994644919019
-0.00870954693594 , 0.994621958727
-0.00869836918729 , 0.994598833406
-0.00868718962297 , 0.99457554138
-0.00867600824542 , 0.994552080951
-0.00866482505674 , 0.99452845016
-0.00865364005965 , 0.994504647481
-0.00864245325603 , 0.994480671158
-0.00863126464839 , 0.9944565194
-0.0086200742389 , 0.99443219039
-0.00860888202997 , 0.994407682121
-0.00859768802384 , 0.994382992783
-0.00858649222274 , 0.994358120591
-0.00857529462897 , 0.994333063627
-0.0085640952449 , 0.994307819951
-0.00855289407271 , 0.994282387434
-0.00854169111458 , 0.994256764089
-0.00853048637297 , 0.994230948034
-0.00851927984994 , 0.994204937215
-0.00850807154803 , 0.994178729554
-0.00849686146929 , 0.994152322723
-0.0084856496161 , 0.99412571468
-0.00847443599058 , 0.994098903367
-0.0084632205951 , 0.994071886585
-0.0084520034319 , 0.994044662103
-0.00844078450313 , 0.994017227302
-0.00842956381113 , 0.993989580229
-0.00841834135813 , 0.993961718561
-0.00840711714629 , 0.99393363994
-0.0083958911781 , 0.993905341781
-0.00838466345555 , 0.993876821631
-0.00837343398087 , 0.993848077228
-0.00836220275648 , 0.993819106072
-0.00835096978442 , 0.993789905571
-0.00833973506716 , 0.993760472831
-0.00832849860671 , 0.993730805603
-0.00831726040516 , 0.993700901238
-0.008306020465 , 0.993670757047
-0.00829477878848 , 0.993640369878
-0.00828353537768 , 0.993609737331
-0.00827229023484 , 0.993578856636
-0.0082610433621 , 0.993547724939
-0.0082497947619 , 0.993516338932
-0.00823854443606 , 0.993484695988
-0.00822729238719 , 0.993452793207
-0.00821603861726 , 0.993420627559
-0.00820478312861 , 0.993388195515
-0.00819352592326 , 0.993355494309
-0.00818226700335 , 0.993322520851
-0.00817100637152 , 0.993289271922
-0.00815974402952 , 0.993255743688
-0.00814847997961 , 0.99322193336
-0.00813721422416 , 0.993187837579
-0.00812594676506 , 0.9931534528
-0.00811467760471 , 0.993118775162
-0.00810340674539 , 0.993083801616
-0.00809213418903 , 0.99304852857
-0.008080859938 , 0.993012952041
-0.00806958399426 , 0.992977068324
-0.00805830636006 , 0.992940873969
-0.00804702703758 , 0.992904365151
-0.0080357460291 , 0.992867537347
-0.00802446333661 , 0.992830387154
-0.00801317896239 , 0.992792910624
-0.00800189290858 , 0.9927551034
-0.00799060517723 , 0.99271696113
-0.00797931577048 , 0.992678480059
-0.00796802469077 , 0.992639655901
-0.00795673193987 , 0.992600483567
-0.00794543752029 , 0.992560959271
-0.00793414143374 , 0.992521078575
-0.00792284368277 , 0.992480836459
-0.00791154426929 , 0.992440228287
-0.00790024319558 , 0.992399249721
-0.00788894046365 , 0.992357895771
-0.00787763607555 , 0.992316160978
-0.00786633003361 , 0.99227404107
-0.00785502233984 , 0.99223153098
-0.00784371299655 , 0.992188624661
-0.00783240200558 , 0.992145317663
-0.00782108936926 , 0.992101604718
-0.00780977508952 , 0.992057479671
-0.00779845916868 , 0.992012937408
-0.00778714160868 , 0.991967972591
-0.00777582241177 , 0.991922578903
-0.00776450157997 , 0.991876750612
-0.00775317911542 , 0.991830482262
-0.00774185502013 , 0.991783767311
-0.00773052929639 , 0.991736599468
-0.00771920194629 , 0.991688973099
-0.00770787297171 , 0.991640881372
-0.00769654237487 , 0.991592317501
-0.0076852101579 , 0.99154327561
-0.0076738763229 , 0.991493748503
-0.00766254087181 , 0.991443728972
-0.00765120380684 , 0.991393210827
-0.00763986513 , 0.991342186428
-0.00762852484352 , 0.991290648226
-0.00761718294929 , 0.991238589643
-0.00760583944961 , 0.991186002497
-0.00759449434626 , 0.991132878997
-0.00758314764171 , 0.991079212087
-0.00757179933761 , 0.99102499294
-0.00756044943623 , 0.990970213635
-0.00754909793955 , 0.990914866536
-0.00753774484968 , 0.99085894206
-0.00752639016887 , 0.990802432279
-0.0075150338989 , 0.990745328867
-0.0075036760421 , 0.990687621358
-0.00749231660006 , 0.990629301955
-0.00748095557529 , 0.990570361306
-0.00746959296968 , 0.990510788568
-0.00745822878535 , 0.990450575587
-0.0074468630241 , 0.990389711797
-0.00743549568823 , 0.990328186617
-0.00742412677977 , 0.990265990922
-0.00741275630068 , 0.990203112923
-0.0074013842529 , 0.990139542487
-0.00739001063874 , 0.990075269356
-0.00737863545987 , 0.990010280338
-0.00736725871858 , 0.989944565957
-0.00735588041684 , 0.989878113954
-0.00734450055658 , 0.989810911601
-0.00733311913997 , 0.989742948243
-0.007321736169 , 0.989674209899
-0.00731035164565 , 0.989604684723
-0.00729896557187 , 0.989534360285
-0.00728757794987 , 0.989463221343
-0.00727618878152 , 0.989391256568
-0.00726479806865 , 0.98931845084
-0.00725340581368 , 0.989244790079
-0.00724201201819 , 0.989170261096
-0.00723061668481 , 0.989094846513
-0.00721921981477 , 0.989018533733
-0.00720782141058 , 0.988941306161
-0.00719642147403 , 0.98886314767
-0.0071850200071 , 0.988784043694
-0.00717361701203 , 0.988703974867
-0.00716221249055 , 0.988622926951
-0.00715080644465 , 0.988540881327
-0.00713939887652 , 0.988457820101
-0.00712798978797 , 0.988373726744
-0.00711657918094 , 0.988288579542
-0.00710516705765 , 0.988202362726
-0.0070937534199 , 0.988115054796
-0.00708233826965 , 0.98802663646
-0.00707092160897 , 0.987937088083
-0.00705950343977 , 0.987846386438
-0.00704808376403 , 0.987754513115
-0.00703666258377 , 0.987661443087
-0.00702523990071 , 0.987567156167
-0.00701381571732 , 0.987471628361
-0.00700239003503 , 0.98737483545
-0.00699096285616 , 0.9872767552
-0.00697953418235 , 0.987177359182
-0.00696810401577 , 0.987076625863
-0.00695667235855 , 0.986974525691
-0.00694523921216 , 0.986871034157
-0.00693380457884 , 0.986766122756
-0.00692236846068 , 0.986659762708
-0.00691093085939 , 0.986551926929
-0.00689949177674 , 0.986442582163
-0.00688805121526 , 0.98633170214
-0.00687660917629 , 0.986219250778
-0.00686516566213 , 0.986105199907
-0.00685372067452 , 0.985989513559
-0.00684227421545 , 0.985872159074
-0.0068308262869 , 0.985753101352
-0.00681937689074 , 0.985632303034
-0.00680792602887 , 0.985509729834
-0.00679647370332 , 0.985385339483
-0.00678501991584 , 0.985259098147
-0.00677356466865 , 0.985130959285
-0.00676210796329 , 0.985000887513
-0.0067506498019 , 0.984868835239
-0.00673919018645 , 0.984734762232
-0.00672772911855 , 0.984598620736
-0.00671626660061 , 0.984460365447
-0.006704802634 , 0.984319948287
-0.00669333722084 , 0.98417731863
-0.00668187036306 , 0.984032427906
-0.00667040206265 , 0.983885219916
-0.00665893232139 , 0.983735645372
-0.00664746114116 , 0.98358364224
-0.00663598852384 , 0.983429160276
-0.00662451447152 , 0.983272131327
-0.00661303898594 , 0.983112503119
-0.00660156206881 , 0.982950203459
-0.00659008372229 , 0.982785175144
-0.00657860394816 , 0.982617343028
-0.00656712274839 , 0.98244664403
-0.00655564012474 , 0.982272999826
-0.00654415607903 , 0.982096341167
-0.00653267061345 , 0.981916586045
-0.00652118372942 , 0.981733658735
-0.00650969542926 , 0.981547472962
-0.00649820571452 , 0.981357946203
-0.00648671458716 , 0.981164987247
-0.00647522204906 , 0.980968506426
-0.00646372810219 , 0.980768406849
-0.00645223274829 , 0.980564591317
-0.00644073598926 , 0.980356956404
-0.00642923782674 , 0.980145396965
-0.00641773826313 , 0.979929802077
-0.00640623729977 , 0.979710058198
-0.00639473493861 , 0.979486045775
-0.00638323118158 , 0.979257642395
-0.00637172603055 , 0.979024718605
-0.00636021948735 , 0.978787142565
-0.00634871155384 , 0.978544773453
-0.00633720223194 , 0.978297469398
-0.00632569152313 , 0.978045076508
-0.00631417942955 , 0.977787442201
-0.00630266595306 , 0.97752439756
-0.00629115109539 , 0.977255778497
-0.00627963485845 , 0.976981398771
-0.0062681172439 , 0.976701081884
-0.00625659825397 , 0.976414621583
-0.00624507788997 , 0.97612182788
-0.0062335561539 , 0.975822471311
-0.00622203304787 , 0.975516347131
-0.00621050857329 , 0.975203198849
-0.00619898273235 , 0.974882804356
-0.00618745552655 , 0.974554878564
-0.00617592695774 , 0.974219174445
-0.00616439702803 , 0.973875381371
-0.00615286573887 , 0.973523216293
-0.00614133309219 , 0.973162341403
-0.00612979908997 , 0.972792430495
-0.00611826373377 , 0.972413114179
-0.00610672702568 , 0.972024014043
-0.00609518896713 , 0.971624723354
-0.00608364956019 , 0.971214799963
-0.00607210880658 , 0.970793792156
-0.00606056670803 , 0.970361179173
-0.00604902326645 , 0.969916454089
-0.00603747848355 , 0.96945899819
-0.00602593236119 , 0.968988228303
-0.00601438490119 , 0.968503424287
-0.00600283610513 , 0.968003881311
-0.00599128597494 , 0.967488766715
-0.00597973451248 , 0.966957210567
-0.00596818171926 , 0.966408239143
-0.00595662759739 , 0.965840768724
-0.00594507214839 , 0.965253643663
-0.00593351537413 , 0.964645501708
-0.00592195727652 , 0.964014943485
-0.00591039785713 , 0.963360266137
-0.00589883711768 , 0.962679713138
-0.0058872750601 , 0.961971193113
-0.00587571168626 , 0.961232433305
-0.00586414699761 , 0.960460855656
-0.00585258099619 , 0.959653508615
-0.00584101368352 , 0.958807188658
-0.00582944506165 , 0.957918054226
-0.00581787513197 , 0.956982054157
-0.00580630389665 , 0.955994334739
-0.005794731357 , 0.954949607261
-0.00578315751497 , 0.953841804516
-0.00577158237252 , 0.952664020917
-0.00576000593106 , 0.951408691808
-0.00574842819252 , 0.950066842308
-0.00573684915868 , 0.948628960122
-0.00572526883113 , 0.94708383008
-0.00571368721171 , 0.945419196096
-0.0057021043021 , 0.943621304314
-0.005690520104 , 0.941674497551
-0.00567893461919 , 0.939562024593
-0.00566734784961 , 0.937264400823
-0.00565575979671 , 0.934761061545
-0.00564417046223 , 0.932028789682
-0.00563257984806 , 0.929042192492
-0.00562098795584 , 0.925774361926
-0.00560939478716 , 0.92219463493
-0.0055978003439 , 0.918272102942
-0.00558620462777 , 0.913972262489
-0.00557460764052 , 0.90925919578
-0.00556300938374 , 0.904096134544
-0.00555140985926 , 0.898442772692
-0.00553980906874 , 0.892261342932
-0.00552820701394 , 0.885511486409
-0.00551660369642 , 0.878154631111
-0.0055049991179 , 0.870155216638
-0.00549339328039 , 0.861477100377
-0.00548178618529 , 0.85209363
-0.00547017783435 , 0.841980458775
-0.00545856822929 , 0.831121777
-0.00544695737194 , 0.819513411915
-0.00543534526387 , 0.807157729818
-0.00542373190661 , 0.794075876712
-0.00541211730223 , 0.780300456667
-0.005400501452 , 0.765879307109
-0.00538888435787 , 0.750881595791
-0.00537726602148 , 0.735388620495
-0.00536564644458 , 0.71950331565
-0.00535402562874 , 0.703344362734
-0.00534240357568 , 0.687040591259
-0.0053307802871 , 0.670739645073
-0.00531915576474 , 0.654591995466
-0.00530753000997 , 0.638752858514
-0.00529590302487 , 0.623378687321
-0.0052842748109 , 0.608614803964
-0.00527264536971 , 0.59459838255
-0.00526101470319 , 0.581448273127
-0.00524938281268 , 0.569258975743
-0.0052377497 , 0.55810442981
-0.0052261153669 , 0.548028300118
-0.0052144798149 , 0.539046627922
-0.00520284304565 , 0.531149934061
-0.0051912050609 , 0.524302151476
-0.00517956586245 , 0.518446810817
-0.00516792545158 , 0.513510452196
-0.00515628383039 , 0.509406595163
-0.00514464100013 , 0.506042376218
-0.00513299696258 , 0.503322010881
-0.00512135171952 , 0.501151024124
-0.00510970527252 , 0.499440409572
-0.00509805762297 , 0.498108262694
-0.00508640877306 , 0.497081697037
-0.00507475872397 , 0.496297724317
-0.00506310747748 , 0.495703066322
-0.00505145503523 , 0.495253802169
-0.0050398013989 , 0.494914519231
-0.00502814656997 , 0.494657202119
-0.00501649055042 , 0.494460131923
-0.00500483334145 , 0.494306761346
-0.0049931749449 , 0.494184679279
-0.00498151536252 , 0.494084719108
-0.00496985459568 , 0.494000198168
-0.00495819264619 , 0.493926299746
-0.00494652951558 , 0.493859588432
-0.00493486520535 , 0.49379763393
-0.00492319971748 , 0.493738726284
-0.00491153305329 , 0.49368166871
-0.00489986521435 , 0.493625624644
-0.00488819620265 , 0.493570006329
-0.00487652601935 , 0.493514400145
-0.00486485466642 , 0.493458511501
-0.00485318214532 , 0.49340212445
-0.00484150845752 , 0.493345078543
-0.00482983360494 , 0.493287250188
-0.00481815758887 , 0.493228537068
-0.00480648041113 , 0.493168852411
-0.0047948020731 , 0.493108119252
-0.00478312257668 , 0.493046262198
-0.00477144192319 , 0.492983206591
-0.00475976011432 , 0.492918878235
-0.00474807715177 , 0.492853196227
-0.004736393037 , 0.492786072414
-0.00472470777161 , 0.492717415129
-0.00471302135729 , 0.492647120496
-0.00470133379558 , 0.492575069831
-0.00468964508816 , 0.492501138509
-0.00467795523635 , 0.49242518326
-0.00466626424181 , 0.492347038917
-0.00465457210626 , 0.492266528195
-0.00464287883139 , 0.492183449109
-0.00463118441845 , 0.492097569583
-0.00461948886913 , 0.492008633654
-0.00460779218516 , 0.491916355271
-0.004596094368 , 0.491820407113
-0.00458439541916 , 0.491720419715
-0.00457269534032 , 0.491615988259
-0.00456099413303 , 0.491506651535
-0.00454929179877 , 0.491391878392
-0.00453758833913 , 0.491271097045
-0.00452588375571 , 0.49114365445
-0.00451417805023 , 0.491008807148
-0.00450247122387 , 0.490865735206
-0.00449076327855 , 0.49071352682
-0.00447905421568 , 0.490551152845
-0.00446734403671 , 0.490377454716
-0.00445563274348 , 0.490191185462
-0.00444392033719 , 0.489990948532
-0.00443220681961 , 0.489775182964
-0.00442049219242 , 0.489542220364
-0.00440877645674 , 0.489290243769
-0.00439705961461 , 0.489017267101
-0.00438534166719 , 0.488721129075
-0.00437362261616 , 0.488399582
-0.00436190246316 , 0.488050189071
-0.00435018120955 , 0.487670313293
-0.00433845885703 , 0.487257215394
-0.0043267354071 , 0.486808008823
-0.00431501086123 , 0.486319625153
-0.00430328522094 , 0.485788759126
-0.00429155848771 , 0.485212118508
-0.00427983066332 , 0.484586195625
-0.00426810174913 , 0.483907313773
-0.00425637174668 , 0.483171691203
-0.00424464065761 , 0.482375564329
-0.00423290848313 , 0.48151504391
-0.00422117522506 , 0.480586118475
-0.00420944088474 , 0.479584911499
-0.004197705464 , 0.478507610176
-0.00418596896397 , 0.47735044887
-0.00417423138645 , 0.47610965212
-0.00416249273261 , 0.47478190861
-0.00415075300439 , 0.473364057198
-0.00413901220316 , 0.471853213185
-0.00412727033026 , 0.470246687804
-0.00411552738735 , 0.468542567496
-0.00410378337587 , 0.466739245792
-0.00409203829742 , 0.464835625816
-0.00408029215348 , 0.462831095459
-0.00406854494542 , 0.460726005911
-0.00405679667494 , 0.458521238545
-0.00404504734329 , 0.456218380936
-0.00403329695226 , 0.453819722951
-0.00402154550319 , 0.451328648453
-0.00400979299742 , 0.448749216878
-0.00399803943687 , 0.446086312137
-0.00398628482258 , 0.443345600022
-0.00397452915639 , 0.440533855242
-0.00396277243958 , 0.437658544789
-0.00395101467371 , 0.434727946599
-0.00393925586035 , 0.43175104492
-0.00392749600084 , 0.42873778187
-0.00391573509665 , 0.425698666392
-0.00390397314932 , 0.422644835543
-0.00389221016039 , 0.419587954662
-0.00388044613142 , 0.416540240961
-0.00386868106355 , 0.413514220487
-0.00385691495858 , 0.410522654492
-0.00384514781777 , 0.40757843529
-0.00383337964271 , 0.404694374396
-0.00382161043513 , 0.401882995697
-0.0038098401959 , 0.399156369107
-0.003798068927 , 0.396525915644
-0.00378629662958 , 0.394002178989
-0.00377452330539 , 0.391594431869
-0.00376274895568 , 0.389310730829
-0.00375097358206 , 0.387157726078
-0.00373919718568 , 0.385140792733
-0.00372741976842 , 0.383263608127
-0.00371564133155 , 0.381528688043
-0.00370386187658 , 0.379937505625
-0.00369208140481 , 0.378490790526
-0.00368029991777 , 0.37718866713
-0.0036685174171 , 0.37603067329
-0.003656733904 , 0.375016205222
-0.00364494938013 , 0.374144389939
-0.00363316384668 , 0.373414136539
-0.00362137730542 , 0.372823474369
-0.00360958975758 , 0.372369608251
-0.00359780120448 , 0.372048567092
-0.00358601164806 , 0.371854824118
-0.00357422108919 , 0.371781106315
-0.00356242952961 , 0.371817708824
-0.00355063697074 , 0.371952812146
-0.003538843414 , 0.372172213406
-0.00352704886077 , 0.372459315585
-0.00351525331261 , 0.372795126086
-0.00350345677077 , 0.37315829353
-0.00349165923687 , 0.373525352964
-0.00347986071226 , 0.373870797527
-0.00346806119845 , 0.374167196789
-0.00345626069671 , 0.374385338275
-0.00344445920848 , 0.374494633402
-0.00343265673532 , 0.37446311933
-0.00342085327848 , 0.374257746766
-0.00340904883971 , 0.373844556649
-0.00339724342016 , 0.373188915943
-0.0033854370211 , 0.372256451136
-0.00337362964442 , 0.371012751789
-0.00336182129103 , 0.369424007498
-0.00335001196284 , 0.367457427915
-0.00333820166097 , 0.365081254941
-0.00332639038674 , 0.362266855932
-0.00331457814184 , 0.358987726247
-0.00330276492739 , 0.355220546467
-0.00329095074506 , 0.350945747438
-0.00327913559623 , 0.346147472693
-0.003267319482 , 0.340815612313
-0.00325550240419 , 0.334945260655
-0.003243684364 , 0.328537041133
-0.00323186536284 , 0.321597653018
-0.00322004540206 , 0.314139891831
-0.00320822448316 , 0.30618278603
-0.00319640260752 , 0.297752937182
-0.00318457977655 , 0.288882618956
-0.00317275599161 , 0.279610158537
-0.00316093125416 , 0.269979518767
-0.00314910556535 , 0.260039247665
-0.0031372789269 , 0.249842991269
-0.0031254513401 , 0.239448101525
-0.00311362280626 , 0.228914279307
-0.00310179332674 , 0.218302927591
-0.0030899629031 , 0.207676130725
-0.00307813153655 , 0.197095167566
-0.00306629922868 , 0.186620790819
-0.00305446598061 , 0.176311123409
-0.00304263179387 , 0.166220870418
-0.00303079666987 , 0.156400627681
-0.00301896060994 , 0.14689616114
-0.00300712361545 , 0.137747579404
-0.00299528568784 , 0.128989535218
-0.00298344682855 , 0.120650278199
-0.00297160703868 , 0.112751506476
-0.00295976631974 , 0.105308361406
-0.00294792467323 , 0.0983294628889
-0.00293608210042 , 0.0918170119572
-0.00292423860265 , 0.0857672011154
-0.00291239418139 , 0.0801705191241
-0.00290054883787 , 0.0750121650148
-0.00288870257358 , 0.0702726937125
-0.00287685538984 , 0.0659286932115
-0.00286500728784 , 0.0619535402851
-0.00285315826913 , 0.0583182078981
-0.00284130833523 , 0.0549921739894
-0.00282945748719 , 0.0519442376722
-0.00281760572652 , 0.0491434058133
-0.00280575305471 , 0.0465597051604
-0.00279389947265 , 0.0441649133709
-0.00278204498216 , 0.0419331745454
-0.00277018958445 , 0.039841483014
-0.00275833328094 , 0.037870025999
-0.00274647607284 , 0.0360023195092
-0.00273461796148 , 0.0342252112592
-0.00272275894835 , 0.0325287201107
-0.00271089903474 , 0.0309057410789
-0.00269903822197 , 0.0293516406258
-0.00268717651142 , 0.027863785006
-0.00267531390439 , 0.026441043622
-0.00266345040245 , 0.0250832520007
-0.00265158600658 , 0.0237907392889
-0.00263972071816 , 0.0225639041157
-0.00262785453887 , 0.0214028679297
-0.00261598746971 , 0.0203072177431
-0.00260411951235 , 0.0192758379025
-0.00259225066765 , 0.0183068492714
-0.00258038093742 , 0.0173976034895
-0.00256851032261 , 0.0165447605658
-0.00255663882481 , 0.015744414157
-0.00254476644529 , 0.0149922497174
-0.00253289318532 , 0.0142837197359
-0.00252101904629 , 0.0136142197153
-0.00250914402952 , 0.0129792506557
-0.00249726813645 , 0.0123745867734
-0.00248539136794 , 0.0117963749446
-0.002473513726 , 0.0112412320606
-0.00246163521129 , 0.0107063034758
-0.00244975582558 , 0.0101892906177
-0.00243787557013 , 0.00968844967294
-0.00242599444606 , 0.00920256525261
-0.00241411245487 , 0.00873089326663
-0.00240222959774 , 0.00827312963689
-0.00239034587619 , 0.00782930591225
-0.00237846129119 , 0.00739972027294
-0.00236657584458 , 0.00698485906218
-0.00235468953703 , 0.00658532125763
-0.00234280237045 , 0.00620175015721
-0.00233091434584 , 0.00583477461809
-0.00231902546445 , 0.00548496126202
-0.00230713572765 , 0.00515278065892
-0.00229524513694 , 0.00483858815254
-0.00228335369352 , 0.00454260803483
-0.00227146139842 , 0.00426493824084
-0.00225956825339 , 0.00400556247844
-0.00224767425935 , 0.00376437147399
-0.00223577941784 , 0.00354119236595
-0.00222388373003 , 0.0033358252895
-0.00221198719735 , 0.00314808677042
-0.002200089821 , 0.00297786197189
-0.00218819160226 , 0.00282515653268
-0.00217629254255 , 0.00269016749395
-0.0021643926431 , 0.0025733589184
-0.002152491905 , 0.00247555094839
-0.00214059032984 , 0.00239802509936
-0.00212868791868 , 0.00234264919466
-0.002116784673 , 0.00231202615442
-0.0021048805941 , 0.00230967112108
-0.00209297568306 , 0.0023402215053
-0.00208106994135 , 0.00240968617973
-0.00206916337019 , 0.00252572780406
-0.00205725597074 , 0.00269799659215
-0.00204534774458 , 0.00293850170139
-0.00203343869281 , 0.00326201875976
-0.00202152881665 , 0.00368652555663
-0.00200961811745 , 0.0042336495947
-0.00199770659645 , 0.00492910451278
-0.0019857942551 , 0.0058030841773
-0.00197388109452 , 0.00689057505825
-0.00196196711594 , 0.00823153978694
-0.00195005232077 , 0.00987090886626
-0.00193813671026 , 0.011858360282
-0.00192622028555 , 0.0142478023191
-0.00191430304819 , 0.0170965091428
-0.0019023849991 , 0.0204639151842
-0.00189046613968 , 0.0244100414906
-0.00187854647132 , 0.0289935825573
-0.00186662599532 , 0.0342697085138
-0.00185470471252 , 0.0402876710647
-0.00184278262481 , 0.0470883301372
-0.00183085973306 , 0.054701745303
-0.00181893603858 , 0.0631449824199
-0.00180701154265 , 0.0724202526194
-0.00179508624652 , 0.0825134622348
-0.00178316015161 , 0.0933941041979
-0.00177123325887 , 0.105014670778
-0.00175930556994 , 0.117311561578
-0.00174737708581 , 0.130206496771
-0.00173544780771 , 0.14360854679
-0.00172351773713 , 0.15741666746
-0.00171158687494 , 0.171522596987
-0.0016996552229 , 0.185813949869
-0.00168772278187 , 0.200177349955
-0.00167578955329 , 0.214501439576
-0.00166385553829 , 0.22867963664
-0.00165192073826 , 0.242612527648
-0.00163998515423 , 0.256209824807
-0.00162804878761 , 0.269391463295
-0.00161611163961 , 0.282089633189
-0.00160417371165 , 0.294248472582
-0.00159223500471 , 0.305824193063
-0.00158029552016 , 0.316784902945
-0.0015683552591 , 0.327110004298
-0.00155641422313 , 0.336789347207
-0.0015444724131 , 0.345822213206
-0.00153252983035 , 0.354216188456
-0.00152058647629 , 0.361985987762
-0.00150864235197 , 0.369152276358
-0.00149669745865 , 0.375740528396
-0.00148475179768 , 0.381779952959
-0.00147280537019 , 0.387302508132
-0.00146085817735 , 0.392342015658
-0.00144891022065 , 0.396933382465
-0.00143696150113 , 0.401111929577
-0.00142501202006 , 0.404912791085
-0.00141306177848 , 0.408370452164
-0.0014011107781 , 0.411518538885
-0.00138915901958 , 0.414389225477
-0.00137720650455 , 0.417013087726
-0.00136525323416 , 0.419418891961
-0.00135329920958 , 0.421633421888
-0.00134134443177 , 0.423681337701
-0.00132938890248 , 0.425585065242
-0.00131743262255 , 0.42736471902
-0.00130547559345 , 0.429038066107
-0.0012935178161 , 0.430620543457
-0.001281559292 , 0.432125340328
-0.00126960002226 , 0.433563556164
-0.00125764000794 , 0.434944436056
-0.00124567925068 , 0.436275675816
-0.00123371775129 , 0.437563775972
-0.00122175551103 , 0.438814411331
-0.00120979253142 , 0.440032776083
-0.00119782881323 , 0.441223863161
-0.00118586435803 , 0.442392644024
-0.0011738991669 , 0.443544131092
-0.00116193324116 , 0.444683323678
-0.00114996658177 , 0.445815058771
-0.00113799919023 , 0.446943802524
-0.00112603106752 , 0.4480734243
-0.00111406221484 , 0.449207004029
-0.00110209263365 , 0.450346684686
-0.00109012232487 , 0.451493609657
-0.0010781512899 , 0.452647935468
-0.00106617952981 , 0.453808912532
-0.001054207046 , 0.454975015276
-0.00104223383939 , 0.456144100456
-0.00103025991142 , 0.45731357309
-0.0010182852631 , 0.458480544389
-0.00100630989594 , 0.459641970692
-0.00099433381071 , 0.460794768571
-0.000982357008871 , 0.461935904687
-0.000970379491613 , 0.463062462852
-0.00095840126 , 0.464171691545
-0.000946422315548 , 0.465261035962
-0.000934442658935 , 0.46632815866
-0.000922462291903 , 0.467370951512
-0.000910481215258 , 0.468387542094
-0.000898499430226 , 0.469376295595
-0.000886516938129 , 0.470335813877
-0.00087453374029 , 0.471264932251
-0.000862549837548 , 0.472162714462
-0.000850565231323 , 0.47302844601
-0.000838579922742 , 0.473861626253
-0.000826593913097 , 0.474661959187
-0.00081460720329 , 0.475429343242
-0.000802619794806 , 0.476163860086
-0.00079063168871 , 0.476865762906
-0.000778642886129 , 0.477535464202
-0.000766653388355 , 0.478173523537
-0.000754663196613 , 0.478780635648
-0.000742672311806 , 0.479357619342
-0.000730680735355 , 0.479905407752
-0.000718688468516 , 0.480425040786
-0.000706695512226 , 0.480917660661
-0.000694701867774 , 0.481384511742
-0.000682707536226 , 0.48182694647
-0.000670712518968 , 0.48224643951
-0.000658716817258 , 0.482644613216
-0.000646720431806 , 0.483023278384
-0.000634723364258 , 0.483384495532
-0.000622725615484 , 0.483730663779
-0.000610727186839 , 0.484064645913
-0.000598728079387 , 0.484389940716
-0.000586728294387 , 0.484710915533
-0.000574727832839 , 0.485033114127
-0.000562726696129 , 0.485363655899
-0.000550724885355 , 0.485711742314
-0.000538722401613 , 0.486089283519
-0.000526719246065 , 0.486511652032
-0.000514715420129 , 0.486998559585
-0.000502710924419 , 0.487575037233
-0.000490705760645 , 0.48827247699
-0.000478699929871 , 0.489129667339
-0.000466693433032 , 0.490193725387
-0.000454686271581 , 0.491520800715
-0.000442678446355 , 0.493176404227
-0.000430669958613 , 0.495235204957
-0.000418660809742 , 0.49778014685
-0.000406651000806 , 0.500900768341
-0.000394640532742 , 0.504690662985
-0.000382629406871 , 0.509244097312
-0.000370617624419 , 0.514651895784
-0.000358605186419 , 0.52099679939
-0.000346592094129 , 0.528348592162
-0.00033457834871 , 0.536759354549
-0.000322563951097 , 0.546259229368
-0.000310548902774 , 0.556853070155
-0.000298533204613 , 0.568518285517
-0.000286516857871 , 0.581204090523
-0.00027449986371 , 0.59483226006
-0.00026248222329 , 0.609299342458
-0.000250463937774 , 0.624480169281
-0.000238445008258 , 0.640232394149
-0.000226425435968 , 0.656401723415
-0.000214405222032 , 0.672827471338
-0.000202384367387 , 0.689348077037
-0.000190362873516 , 0.705806258964
-0.000178340741548 , 0.722053549798
-0.000166317972129 , 0.737954024535
-0.000154294566839 , 0.753387117491
-0.000142270526968 , 0.768249506463
-0.000130245853258 , 0.782456096534
-0.000118220547129 , 0.795940190829
-0.000106194609581 , 0.808652974355
-9.4168041871e-05 , 0.820562445771
-8.21408449677e-05 , 0.831651944981
-7.01130201613e-05 , 0.841918412228
-5.80845685484e-05 , 0.851370505193
-4.6055491129e-05 , 0.860026677876
-3.40257892581e-05 , 0.86791330634
-2.1995464129e-05 , 0.875062900187
-9.96451651613e-06 , 0.881512437465
2.06705212903e-06 , 0.887302284192
1.40992408387e-05 , 0.892474539011
2.61320482903e-05 , 0.897072152439
3.81654735484e-05 , 0.901138076685
5.01995153548e-05 , 0.90471458885
6.22341726129e-05 , 0.907842771306
7.42694442258e-05 , 0.910562129324
8.63053290968e-05 , 0.912910326432
9.83418259032e-05 , 0.914923018033
0.000110378933774 , 0.916633765214
0.000122416651387 , 0.918074011728
0.000134454977677 , 0.919273109888
0.000146493911581 , 0.920258382146
0.000158533451742 , 0.921055207671
0.00017057359729 , 0.921687124913
0.000182614347032 , 0.922175942651
0.000194655699903 , 0.922541853908
0.000206697654613 , 0.922803548143
0.000218740210065 , 0.922978318493
0.000230783365226 , 0.923082161693
0.000242827118968 , 0.923129869235
0.000254871470097 , 0.923135108924
0.000266916417613 , 0.923110496567
0.000278961960161 , 0.923067657939
0.000291008096903 , 0.923017281636
0.000303054826419 , 0.922969166853
0.000315102147903 , 0.922932253603
0.000327150060065 , 0.922914653223
0.000339198561774 , 0.922923674545
0.000351247652032 , 0.922965843538
0.000363297329548 , 0.923046919421
0.000375347593258 , 0.923171908263
0.000387398442194 , 0.923345075014
0.000399449875129 , 0.923569954852
0.000411501890871 , 0.923849364667
0.000423554488387 , 0.924185415414
0.000435607666613 , 0.924579525955
0.000447661424323 , 0.925032438966
0.000459715760548 , 0.925544239395
0.000471770673968 , 0.926114375785
0.000483826163645 , 0.926741684875
0.000495882228516 , 0.927424419549
0.000507938867258 , 0.928160280347
0.000519996078774 , 0.928946450591
0.00053205386229 , 0.929779650277
0.000544112216484 , 0.930656130264
0.00055617114 , 0.931571765806
0.000568230632129 , 0.932522090468
0.000580290691581 , 0.933502345634
0.000592351317129 , 0.934507533561
0.000604412507774 , 0.935532472093
0.000616474262548 , 0.936571850532
0.000628536580226 , 0.93762028609
0.000640599459806 , 0.938672380399
0.000652662899871 , 0.939722775273
0.000664726899645 , 0.940766207328
0.000676791458032 , 0.941797560466
0.000688856573581 , 0.942811915855
0.000700922245548 , 0.943804598805
0.000712988472645 , 0.944771221653
0.000725055253935 , 0.945707708262
0.000737122588161 , 0.9466103649
0.000749190474226 , 0.947475881073
0.000761258911129 , 0.948301355351
0.000773327897581 , 0.949084315575
0.000785397432839 , 0.949822730606
0.000797467515548 , 0.950515016034
0.000809538144484 , 0.951160034167
0.000821609318839 , 0.951757088251
0.000833681037387 , 0.952305911144
0.000845753298968 , 0.952806648861
0.000857826102613 , 0.953259839273
0.000869899447226 , 0.953666386414
0.000881973331548 , 0.954027530909
0.000894047754613 , 0.954344802716
0.000906122715387 , 0.954620022126
0.000918198212645 , 0.954855240201
0.000930274245387 , 0.955052690178
0.000942350812548 , 0.955214755388
0.000954427912839 , 0.955343928426
0.000966505545323 , 0.955442770517
0.000978583708839 , 0.955513871623
0.000990662402419 , 0.955559811814
0.00100274162494 , 0.95558312438
0.00101482137516 , 0.955586261115
0.00102690165213 , 0.955571560163
0.00103898245474 , 0.95554121676
0.001051063782 , 0.955497251816
0.00106314563255 , 0.955441505409
0.00107522800548 , 0.9553756027
0.00108731089984 , 0.955300941001
0.00109939431419 , 0.955218679895
0.00111147824777 , 0.955129733461
0.00112356269932 , 0.955034766309
0.00113564766781 , 0.954934193323
0.00114773315216 , 0.954828183036
0.00115981915132 , 0.954716664476
0.00117190566413 , 0.954599337317
0.00118399268955 , 0.954475685118
0.00119608022648 , 0.954344987055
0.00120816827381 , 0.954206348069
0.00122025683048 , 0.954058710138
0.00123234589542 , 0.95390087765
0.00124443546752 , 0.953731542493
0.00125652554581 , 0.95354931018
0.00126861612906 , 0.95335272703
0.00128070721635 , 0.953140308065
0.00129279880642 , 0.952910565307
0.00130489089839 , 0.952662036103
0.0013169834909 , 0.952393311207
0.00132907658316 , 0.952103050194
0.00134117017394 , 0.951790040114
0.00135326426206 , 0.951453195401
0.00136535884681 , 0.951091584595
0.00137745392671 , 0.95070445481
0.00138954950087 , 0.950291251643
0.00140164556816 , 0.949851636818
0.00141374212761 , 0.949385503289
0.00142583917803 , 0.948892987635
0.00143793671835 , 0.948374479531
0.00145003474768 , 0.947830622193
0.00146213326461 , 0.94726232366
0.00147423226842 , 0.946670770567
0.00148633175765 , 0.94605739784
0.00149843173152 , 0.945423893262
0.00151053218903 , 0.944772187568
0.00152263312874 , 0.944104441254
0.00153473454997 , 0.943423028123
0.00154683645139 , 0.942730515945
0.001558938832 , 0.942029644113
0.00157104169094 , 0.941323297642
0.00158314502655 , 0.940614484497
0.00159524883835 , 0.939906302849
0.00160735312503 , 0.939201906529
0.00161945788555 , 0.938504474953
0.00163156311887 , 0.937817179231
0.00164366882387 , 0.937143147558
0.00165577499955 , 0.936485430295
0.00166788164477 , 0.935846965208
0.00167998875842 , 0.935230543255
0.00169209633965 , 0.934638792552
0.00170420438716 , 0.934074100309
0.0017163128999 , 0.933538621744
0.0017284218769 , 0.933034244619
0.00174053131716 , 0.932562562576
0.00175264121935 , 0.932124853364
0.00176475158261 , 0.931722060465
0.00177686240584 , 0.931354778507
0.0017889736879 , 0.931023242676
0.00180108542781 , 0.930727342667
0.00181319762465 , 0.930466565201
0.00182531027694 , 0.930240039871
0.00183742338416 , 0.930046544916
0.00184953694461 , 0.92988451289
0.00186165095765 , 0.929752047172
0.00187376542219 , 0.929646942968
0.0018858803371 , 0.92956671252
0.00189799570126 , 0.929508614275
0.00191011151374 , 0.929469697789
0.00192222777332 , 0.929446798641
0.00193434447916 , 0.929436621678
0.00194646162994 , 0.92943576647
0.00195857922474 , 0.929440768804
0.00197069726235 , 0.929448143465
0.001982815742 , 0.929454427017
0.00199493466242 , 0.929456219822
0.00200705402252 , 0.929450222463
0.00201917382135 , 0.929433277604
0.00203129405787 , 0.92940241372
0.00204341473084 , 0.929354864585
0.00205553583939 , 0.929288099491
0.00206765738239 , 0.929199844866
0.00207977935865 , 0.929088100239
0.00209190176742 , 0.928951148134
0.00210402460726 , 0.92878755289
0.00211614787748 , 0.9285961519
0.00212827157674 , 0.928376089764
0.00214039570419 , 0.928126750203
0.00215252025858 , 0.927847751069
0.0021646452389 , 0.927538915153
0.00217677064423 , 0.927200235216
0.00218889647335 , 0.926831833701
0.00220102272529 , 0.926433913102
0.0022131493989 , 0.92600669981
0.00222527649326 , 0.925550440736
0.00223740400732 , 0.92506528971
0.00224953193981 , 0.92455127195
0.00226166028997 , 0.924008226424
0.00227378905639 , 0.923435748217
0.00228591823835 , 0.922833131529
0.00229804783458 , 0.922199303366
0.00231017784403 , 0.921532782105
0.00232230826581 , 0.920831653647
0.00233443909884 , 0.920093480364
0.00234657034181 , 0.919315277329
0.0023587019939 , 0.918493475743
0.00237083405419 , 0.917623892228
0.00238296652123 , 0.916701704483
0.00239509939423 , 0.915721388984
0.00240723267194 , 0.914676819188
0.00241936635377 , 0.913561193515
0.00243150043794 , 0.912367035306
0.00244363492403 , 0.911086221956
0.00245576981077 , 0.909710010383
0.002467905097 , 0.908229072103
0.00248004078165 , 0.906633502615
0.00249217686387 , 0.904912887576
0.00250431334265 , 0.903056533235
0.00251645021655 , 0.901053329961
0.00252858748494 , 0.898891917516
0.00254072514642 , 0.896560784303
0.00255286320019 , 0.894048376019
0.00256500164516 , 0.891343211294
0.00257714048013 , 0.888433797608
0.0025892797041 , 0.885309382198
0.00260141931616 , 0.881959490608
0.00261355931516 , 0.87837425671
0.00262569969994 , 0.874544559889
0.00263784046965 , 0.870462157818
0.00264998162313 , 0.866119811447
0.00266212315923 , 0.861511132333
0.00267426507716 , 0.856631416777
0.00268640737565 , 0.851477080243
0.00269855005387 , 0.846045834887
0.00271069311035 , 0.840336746535
0.00272283654445 , 0.834350217444
0.002734980355 , 0.828087931889
0.00274712454084 , 0.821552452729
0.0027592691011 , 0.814747946712
0.00277141403452 , 0.807679238956
0.00278355934026 , 0.800351737811
0.00279570501697 , 0.792771212575
0.00280785106406 , 0.784943483699
0.00281999748019 , 0.77687408207
0.00283214426413 , 0.768567511617
0.00284429141516 , 0.760027961686
0.00285643893206 , 0.751257841612
0.00286858681387 , 0.742257746512
0.00288073505948 , 0.73302610828
0.00289288366787 , 0.723558879402
0.00290503263803 , 0.713849179664
0.00291718196868 , 0.703887038515
0.00292933165906 , 0.693660057657
0.00294148170797 , 0.683152532086
0.00295363211448 , 0.672345938555
0.00296578287745 , 0.661219252095
0.00297793399571 , 0.649749431499
0.00299008546852 , 0.63791172737
0.00300223729445 , 0.625681280214
0.00301438947284 , 0.613034039594
0.00302654200239 , 0.599947516605
0.0030386948819 , 0.586402470979
0.00305084811071 , 0.572384488234
0.00306300168771 , 0.557885659771
0.00307515561152 , 0.54290538836
0.00308730988129 , 0.527454917167
0.00309946449616 , 0.511556247211
0.00311161945477 , 0.495244448386
0.00312377475632 , 0.478568783174
0.00313593039955 , 0.461593409091
0.00314808638358 , 0.444396900725
0.00316024270719 , 0.427073196359
0.00317239936942 , 0.4097300644
0.00318455636932 , 0.392486241516
0.00319671370568 , 0.375469270057
0.00320887137758 , 0.358812130295
0.00322102938374 , 0.342649117238
0.00323318772355 , 0.327111320204
0.00324534639535 , 0.312323885847
0.00325750539877 , 0.298399295153
0.00326966473223 , 0.285434128863
0.00328182439487 , 0.273505593243
0.00329398438577 , 0.262668899725
0.00330614470361 , 0.252955230972
0.00331830534761 , 0.24437266428
0.00333046631648 , 0.236905398088
0.00334262760939 , 0.230515902593
0.00335478922513 , 0.225147605881
0.00336695116277 , 0.220728209544
0.00337911342106 , 0.217173296459
0.00339127599923 , 0.214390623319
0.00340343889597 , 0.212283610818
0.00341560211035 , 0.210754849911
0.00342776564142 , 0.209709201403
0.00343992948797 , 0.20905625259
0.00345209364906 , 0.20871207715
0.00346425812352 , 0.208600633766
0.00347642291035 , 0.208654375873
0.00348858800858 , 0.208814339116
0.00350075341716 , 0.209029989461
0.00351291913494 , 0.20925871625
0.00352508516087 , 0.209465037983
0.00353725149403 , 0.209619920131
0.00354941813303 , 0.209699866315
0.00356158507735 , 0.209685845987
0.00357375232552 , 0.209562469935
0.00358591987668 , 0.209317137602
0.00359808772965 , 0.208939152559
0.00361025588352 , 0.208419193008
0.00362242433713 , 0.207748659972
0.00363459308955 , 0.206918954319
0.00364676213961 , 0.205921089561
0.00365893148626 , 0.204745309324
0.00367110112848 , 0.203380651666
0.00368327106535 , 0.201815066616
0.00369544129574 , 0.200035230497
0.00370761181839 , 0.198026406983
0.00371978263239 , 0.195772676202
0.003731953737 , 0.193257192235
0.00374412513065 , 0.19046227641
0.00375629681258 , 0.187370628528
0.00376846878171 , 0.183965507957
0.00378064103677 , 0.180231408863
0.00379281357713 , 0.176154995098
0.00380498640152 , 0.171726008683
0.00381715950871 , 0.166937669708
0.00382933289787 , 0.161789162694
0.00384150656794 , 0.156285139762
0.00385368051777 , 0.150436855854
0.00386585474629 , 0.144262827673
0.00387802925258 , 0.137789105392
0.00389020403555 , 0.131049150759
0.003902379094 , 0.124085006584
0.00391455442703 , 0.116945112873
0.00392673003368 , 0.109683944009
0.00393890591265 , 0.102360739281
0.00395108206287 , 0.0950376617072
0.00396325848355 , 0.087778578597
0.00397543517368 , 0.080647184864
0.00398761213174 , 0.0737043863591
0.00399978935706 , 0.0670067794793
0.00401196684842 , 0.0606049971265
0.00402414460506 , 0.0545420820393
0.00403632262545 , 0.0488533274073
0.00404850090881 , 0.0435649207234
0.00406067945413 , 0.0386939572673
0.00407285826019 , 0.0342487814564
0.00408503732623 , 0.0302295940284
0.00409721665077 , 0.0266293935769
0.00410939623306 , 0.0234352711157
0.00412157607203 , 0.0206293849937
0.00413375616632 , 0.0181903703177
0.00414593651539 , 0.0160945764846
0.00415811711771 , 0.0143171965694
0.00417029797255 , 0.0128332644166
0.00418247907852 , 0.0116184235182
0.00419466043497 , 0.0106495570647
0.00420684204042 , 0.00990522760307
0.00421902389413 , 0.00936594817392
0.004231205995 , 0.00901431612506
0.00424338834181 , 0.00883498022893
0.00425557093348 , 0.00881461079687
0.00426775376926 , 0.00894174311997
0.00427993684787 , 0.00920659927872
0.00429212016819 , 0.00960089428232
0.00430430372935 , 0.0101176292537
0.00431648753016 , 0.0107509218922
0.00432867156958 , 0.011495839553
0.00434085584665 , 0.0123482581945
0.00435304036 , 0.0133047467248
0.0043652251089 , 0.0143624757457
0.00437741009223 , 0.0155191994879
0.0043895953089 , 0.0167731789592
0.00440178075771 , 0.0181231758452
0.00441396643787 , 0.0195684481129
0.00442615234806 , 0.021108721992
0.00443833848735 , 0.0227442863666
0.00445052485458 , 0.0244759333632
0.00446271144881 , 0.0263049674432
0.004474898269 , 0.0282332035943
0.00448708531394 , 0.0302629204739
0.00449927258261 , 0.0323968516243
0.00451146007406 , 0.0346381269513
0.00452364778713 , 0.0369901021094
0.00453583572077 , 0.0394562268666
0.0045480238739 , 0.0420398252854
0.00456021224535 , 0.044743783753
0.00457240083426 , 0.0475703560066
0.00458458963955 , 0.0505205934627
0.00459677866003 , 0.0535939171451
0.00460896789461 , 0.0567875866186
0.00462115734248 , 0.0600960452435
0.00463334700235 , 0.0635106411223
0.00464553687313 , 0.0670189871918
0.00465772695384 , 0.0706046895383
0.00466991724352 , 0.0742473141108
0.00468210774087 , 0.077922531657
0.00469429844487 , 0.0816030238692
0.00470648935461 , 0.0852595456113
0.0047186804689 , 0.088862246244
0.00473087178668 , 0.0923826005756
0.004743063307 , 0.0957953553736
0.00475525502839 , 0.0990806941443
0.00476744695042 , 0.10222646909
0.00477963907155 , 0.105229083822
0.00479183139084 , 0.108094499626
0.00480402390723 , 0.110838229428
0.00481621661971 , 0.113484431855
0.0048284095271 , 0.11606511673
0.00484060262826 , 0.118617273313
0.00485279592232 , 0.121180786179
0.004864989408 , 0.123796015859
0.00487718308442 , 0.126501444931
0.00488937695052 , 0.129332392238
0.0049015710051 , 0.132319235466
0.00491376524694 , 0.135486943519
0.00492595967535 , 0.138854982501
0.004938154289 , 0.142437625597
0.00495034908687 , 0.146244678792
0.0049625440679 , 0.150282146727
0.0049747392309 , 0.154553073493
0.00498693457503 , 0.159058276314
0.00499913009903 , 0.163796937077
0.00501132580181 , 0.168766965938
0.00502352168245 , 0.173965234763
0.00503571773968 , 0.179387653735
0.00504791397258 , 0.185029098116
0.00506011038003 , 0.190883245731
0.00507230696087 , 0.19694234506
0.00508450371416 , 0.203197004814
0.00509670063868 , 0.209635950534
0.00510889773342 , 0.216245811795
0.00512109499739 , 0.223010904755
0.00513329242935 , 0.229913176179
0.00514549002826 , 0.236932227512
0.00515768779303 , 0.244045218485
0.00516988572271 , 0.251227003608
0.00518208381619 , 0.258450193864
0.00519428207213 , 0.265685528699
0.00520648048981 , 0.272902379624
0.00521867906787 , 0.280068783316
0.00523087780535 , 0.287151999965
0.0052430767011 , 0.294118826706
0.00525527575435 , 0.30093629174
0.00526747496348 , 0.307572531201
0.00527967432771 , 0.313996707776
0.00529187384597 , 0.320179767966
0.00530407351713 , 0.326094742675
0.00531627334019 , 0.331717436394
0.00532847331381 , 0.337027283979
0.0053406734371 , 0.342006873287
0.00535287370884 , 0.346642534298
0.00536507412839 , 0.350924321187
0.0053772746941 , 0.35484638824
0.0053894754051 , 0.35840742795
0.00540167626029 , 0.361609761639
0.00541387725858 , 0.364459544725
0.00542607839877 , 0.366966370115
0.00543827968 , 0.369143291442
0.0054504811011 , 0.371006757766
0.00546268266084 , 0.372575579535
0.00547488435826 , 0.373870847439
0.00548708619229 , 0.374915410294
0.00549928816174 , 0.375733760091
0.00551149026561 , 0.376351715914
0.00552369250271 , 0.376795676797
0.00553589487203 , 0.377092489545
0.00554809737229 , 0.377269080023
0.00556030000274 , 0.377352335588
0.0055725027621 , 0.377368760414
0.00558470564916 , 0.37734409869
0.00559690866287 , 0.377303176201
0.00560911180223 , 0.377269693539
0.00562131506613 , 0.377266013131
0.00563351845342 , 0.377312908483
0.00564572196313 , 0.377429464198
0.00565792559394 , 0.377632954157
0.00567012934487 , 0.377938859608
0.00568233321484 , 0.378360611331
0.00569453720277 , 0.378909652252
0.00570674130739 , 0.37959554437
0.00571894552777 , 0.380425955465
0.00573114986274 , 0.381406862016
0.00574335431135 , 0.382542216395
0.00575555887229 , 0.383834289661
0.00576776354455 , 0.385283766384
0.00577996832694 , 0.386889765885
0.00579217321842 , 0.388650084428
0.00580437821787 , 0.390560796646
0.00581658332435 , 0.392616768474
0.00582878853639 , 0.39481166344
0.00584099385323 , 0.397138005233
0.00585319927371 , 0.399587407159
0.00586540479645 , 0.402150256831
0.00587761042074 , 0.4048162651
0.00588981614497 , 0.407574434926
0.00590202196845 , 0.410413183606
0.00591422789003 , 0.413320483961
0.00592643390855 , 0.41628385583
0.00593864002274 , 0.419290678248
0.00595084623177 , 0.422328241866
0.0059630525341 , 0.425383869508
0.00597525892913 , 0.428445020428
0.00598746541535 , 0.431499474221
0.0059996719919 , 0.434535403771
0.00601187865755 , 0.437541487021
0.00602408541119 , 0.440506966626
0.00603629225165 , 0.443421788518
0.00604849917797 , 0.446276764221
0.00606070618897 , 0.449063507867
0.00607291328332 , 0.451774552026
0.00608512046023 , 0.454403324429
0.00609732771842 , 0.456944387983
0.00610953505687 , 0.459393448183
0.00612174247426 , 0.461747318195
0.00613394996952 , 0.464004063437
0.00614615754187 , 0.466162998594
0.00615836518961 , 0.468225172073
0.00617057291206 , 0.470193346978
0.006182780708 , 0.472072315042
0.00619498857616 , 0.4738693536
0.00620719651561 , 0.475594636922
0.00621940452513 , 0.477262355386
0.00623161260365 , 0.478891173591
0.00624382074987 , 0.48050537494
0.00625602896277 , 0.482136006271
0.00626823724142 , 0.483822043396
0.00628044558442 , 0.485611891363
0.00629265399081 , 0.487564093864
0.00630486245919 , 0.48974816456
0.00631707098884 , 0.492244701857
0.00632927957832 , 0.495144858266
0.00634148822674 , 0.498549084147
0.00635369693261 , 0.502564309924
0.00636590569519 , 0.507300464586
0.00637811451306 , 0.512865637689
0.00639032338532 , 0.519361124204
0.00640253231065 , 0.526875707895
0.0064147412881 , 0.535479460549
0.00642695031616 , 0.545218606333
0.00643915939413 , 0.556110371895
0.00645136852077 , 0.568141974131
0.00646357769468 , 0.581268171245
0.00647578691497 , 0.595411730526
0.00648799618055 , 0.610466040999
0.0065002054901 , 0.626297358352
0.00651241484242 , 0.64275509697
0.00652462423665 , 0.659673307896
0.00653683367145 , 0.676878599411
0.00654904314587 , 0.694196193907
0.00656125265848 , 0.711455508428
0.00657346220826 , 0.728499263602
0.00658567179406 , 0.74518303331
0.00659788141497 , 0.761380011251
0.00661009106939 , 0.776982083063
0.00662230075665 , 0.791902388285
0.00663451047532 , 0.806076019921
0.00664672022423 , 0.819456549197
0.00665893000239 , 0.832015827593
0.00667113980852 , 0.843741024587
0.00668334964161 , 0.854635490532
0.00669555950035 , 0.864714549388
0.00670776938365 , 0.874002803094
0.00671997929032 , 0.882532592327
0.00673218921945 , 0.890340985122
0.00674439916945 , 0.897471191195
0.00675660913955 , 0.903967872507
0.00676881912861 , 0.909876703547
0.00678102913503 , 0.915243303669
0.00679323915816 , 0.92011210687
0.00680544919648 , 0.924527273458
0.00681765924903 , 0.928530232804
0.00682986931465 , 0.932160081567
0.00684207939213 , 0.935453188402
0.00685428948029 , 0.938443376148
0.00686649957803 , 0.941162106569
0.00687870968413 , 0.943637845955
0.00689091979752 , 0.945896462831
0.0069031299169 , 0.947961186194
0.00691534004126 , 0.949853167698
0.00692755016923 , 0.951591368937
0.00693976029987 , 0.953192624054
0.00695197043181 , 0.954671916347
0.0069641805641 , 0.956042422068
0.00697639069542 , 0.957316043926
0.00698860082461 , 0.958503199154
0.00700081095068 , 0.959613054475
0.00701302107216 , 0.960653672684
0.00702523118803 , 0.961632091312
0.00703744129716 , 0.962554637445
0.00704965139835 , 0.963426790077
0.00706186149042 , 0.964253362126
0.00707407157223 , 0.965038563838
0.00708628164252 , 0.965786101938
0.00709849170026 , 0.966499285907
0.00711070174397 , 0.967180997017
0.00712291177297 , 0.967833778228
0.00713512178571 , 0.968459857443
0.00714733178106 , 0.969061237352
0.0071595417579 , 0.969639704185
0.00717175171497 , 0.970196835123
0.00718396165126 , 0.970734039829
0.00719617156545 , 0.971252561556
0.00720838145619 , 0.971753556308
0.00722059132281 , 0.972238055393
0.00723280116368 , 0.972706988794
0.00724501097777 , 0.973161201182
0.0072572207639 , 0.97360144741
0.00726943052077 , 0.974028454228
0.00728164024726 , 0.974442871027
0.00729384994235 , 0.97484529659
0.00730605960461 , 0.975236280288
0.00731826923306 , 0.975616330068
0.00733047882626 , 0.975985935672
0.00734268838326 , 0.976345542997
0.00735489790258 , 0.97669556905
0.00736710738339 , 0.977036398244
0.00737931682432 , 0.977368398861
0.00739152622406 , 0.977691922901
0.00740373558168 , 0.978007296229
0.00741594489574 , 0.978314826633
0.00742815416516 , 0.978614797604
0.00744036338868 , 0.978907490574
0.00745257256503 , 0.979193169999
0.00746478169326 , 0.979472084338
0.00747699077213 , 0.979744469817
0.00748919980026 , 0.98001054293
0.00750140877652 , 0.980270526376
0.00751361769952 , 0.980524624737
0.00752582656852 , 0.980773032875
0.00753803538187 , 0.981015935587
0.00755024413868 , 0.981253505991
0.00756245283752 , 0.981485920672
0.00757466147729 , 0.981713342387
0.00758687005684 , 0.981935926992
0.00759907857477 , 0.98215382138
0.00761128702997 , 0.982367167396
0.00762349542139 , 0.982576106503
0.00763570374742 , 0.982780770468
0.00764791200716 , 0.98298128582
0.00766012019945 , 0.983177770901
0.00767232832284 , 0.983370343632
0.00768453637635 , 0.983559118734
0.00769674435861 , 0.98374420423
0.00770895226835 , 0.983925704075
0.00772116010458 , 0.984103714653
0.00773336786577 , 0.984278335176
0.007745575551 , 0.98444965963
0.0077577831589 , 0.984617777507
0.00776999068823 , 0.984782775092
0.00778219813784 , 0.984944731621
0.00779440550648 , 0.985103731409
0.00780661279284 , 0.985259852138
0.00781881999584 , 0.985413168629
0.00783102711416 , 0.985563752649
0.00784323414665 , 0.98571167135
0.00785544109206 , 0.985856995533
0.0078676479491 , 0.985999790407
0.00787985471645 , 0.986140119032
0.0078920613931 , 0.986278041425
0.00790426797771 , 0.986413615366
0.00791647446903 , 0.986546900338
0.00792868086594 , 0.986677951628
0.00794088716703 , 0.986806822769
0.00795309337113 , 0.986933564298
0.007965299477 , 0.987058226277
0.00797750548358 , 0.987180859019
0.00798971138942 , 0.987301509707
0.00800191719316 , 0.987420224091
0.00801412289394 , 0.987537045001
0.00802632849016 , 0.987652016068
0.00803853398087 , 0.987765180113
0.00805073936468 , 0.987876577655
0.00806294464032 , 0.987986248028
0.00807514980645 , 0.98809422774
0.00808735486216 , 0.988200555026
0.00809955980584 , 0.988305266536
0.00811176463655 , 0.988408397266
0.00812396935274 , 0.988509981216
0.00813617395345 , 0.988610049691
0.00814837843716 , 0.988708636335
0.00816058280277 , 0.9888057727
0.00817278704906 , 0.988901489161
0.00818499117471 , 0.988995815264
0.00819719517839 , 0.989088777988
0.008209399059 , 0.989180407064
0.00822160281503 , 0.989270729788
0.00823380644568 , 0.989359772659
0.00824600994926 , 0.989447561385
0.00825821332455 , 0.989534119589
0.00827041657065 , 0.989619473378
0.00828261968577 , 0.989703646574
0.00829482266903 , 0.98978666239
0.00830702551916 , 0.989868543253
0.00831922823458 , 0.98994931009
0.00833143081442 , 0.990028985752
0.00834363325716 , 0.990107591178
0.00835583556152 , 0.990185146789
0.00836803772632 , 0.990261672242
0.00838023975042 , 0.990337186122
0.00839244163226 , 0.990411708518
0.00840464337081 , 0.990485257914
0.00841684496461 , 0.990557852342
0.00842904641248 , 0.990629509114
0.00844124771319 , 0.990700244759
0.00845344886539 , 0.990770077028
0.00846564986774 , 0.99083902229
0.00847785071913 , 0.990907096531
0.0084900514181 , 0.990974315068
0.00850225196361 , 0.991040692619
0.00851445235403 , 0.991106244937
0.00852665258835 , 0.991170986574
0.00853885266519 , 0.991234931747
0.00855105258335 , 0.991298094074
0.00856325234142 , 0.991360486662
0.00857545193829 , 0.991422123565
0.00858765137248 , 0.991483017754
0.00859985064261 , 0.991543181914
0.00861204974768 , 0.991602628211
0.00862424868626 , 0.99166136832
0.00863644745706 , 0.991719414829
0.00864864605877 , 0.991776779342
0.00866084449006 , 0.99183347321
0.00867304274977 , 0.991889507352
0.00868524083642 , 0.991944892161
0.0086974387489 , 0.991999638964
0.00870963648584 , 0.992053758171
0.00872183404574 , 0.992107259968
0.00873403142755 , 0.992160154205
0.00874622863006 , 0.992212450119
0.00875842565152 , 0.992264157949
0.00877062249106 , 0.99231528706
0.00878281914719 , 0.99236584662
0.00879501561861 , 0.992415845552
0.00880721190406 , 0.99246529205
0.00881940800226 , 0.992514195417
0.00883160391168 , 0.992562564095
0.00884379963126 , 0.992610406358
0.00885599515952 , 0.992657730313
0.00886819049523 , 0.992704543258
0.0088803856371 , 0.992750853633
0.00889258058377 , 0.992796669085
0.00890477533387 , 0.992841997099
0.00891696988616 , 0.99288684501
0.00892916423935 , 0.992931219494
0.008941358392 , 0.992975128045
0.00895355234287 , 0.993018577675
0.00896574609058 , 0.993061575168
0.0089779396339 , 0.993104127179
0.00899013297142 , 0.993146239844
0.00900232610181 , 0.993187919795
0.00901451902368 , 0.99322917349
0.00902671173587 , 0.993270007096
0.009038904237 , 0.993310426659
0.00905109652574 , 0.993350437853
0.00906328860068 , 0.993390046516
0.00907548046039 , 0.993429258629
0.00908767210394 , 0.993468079806
0.00909986352955 , 0.993506515555
0.009112054736 , 0.993544571146
0.009124245722 , 0.993582251691
0.00913643648635 , 0.993619562756
0.00914862702765 , 0.993656509461
0.00916081734429 , 0.993693096832
0.00917300743516 , 0.993729329793
0.00918519729903 , 0.993765212785
0.00919738693423 , 0.993800751012
0.00920957633965 , 0.993835949152
0.00922176551387 , 0.993870811805
0.00923395445542 , 0.993905343488
0.00924614316313 , 0.993939548328
0.00925833163561 , 0.99397343091
0.00927051987155 , 0.994006995621
0.00928270786942 , 0.994040246673
0.009294895628 , 0.994073188206
0.00930708314594 , 0.994105824121
0.00931927042184 , 0.994138158382
0.00933145745423 , 0.994170195136
0.0093436442419 , 0.994201938251
0.00935583078361 , 0.994233391527
0.00936801707777 , 0.994264558668
0.00938020312287 , 0.994295443065
0.009392388918 , 0.994326048659
0.00940457446152 , 0.994356379003
0.0094167597521 , 0.994386437593
0.00942894478819 , 0.994416227866
0.00944112956881 , 0.994445752976
0.00945331409216 , 0.994475016387
0.00946549835719 , 0.994504021471
0.00947768236229 , 0.994532771447
0.00948986610626 , 0.994561269484
0.00950204958784 , 0.994589518614
0.00951423280539 , 0.994617521771
0.00952641575758 , 0.994645282196
0.0095385984431 , 0.99467280286
0.00955078086042 , 0.994700086686
0.00956296300839 , 0.99472713655
0.00957514488539 , 0.994753955061
0.00958732649016 , 0.994780545178
0.00959950782142 , 0.994806909704
0.00961168887752 , 0.994833051339
0.00962386965723 , 0.994858972743
0.00963605015913 , 0.99488467646
0.0096482303819 , 0.994910164957
0.00966041032406 , 0.994935440964
0.00967258998416 , 0.99496050698
0.00968476936097 , 0.994985365468
0.009696948453 , 0.995010018851
0.00970912725881 , 0.995034469345
0.00972130577703 , 0.995058719409
0.00973348400629 , 0.99508277143
0.00974566194523 , 0.995106627691
0.00975783959232 , 0.995130290439
0.00977001694613 , 0.995153761866
0.00978219400545 , 0.995177043975
0.00979437076865 , 0.995200139122
0.00980654723445 , 0.995223049424
0.00981872340152 , 0.99524577697
0.00983089926823 , 0.995268323815
0.00984307483339 , 0.995290691896
0.00985525009532 , 0.995312883184
0.00986742505274 , 0.995334899767
0.00987959970445 , 0.995356743587
0.00989177404877 , 0.995378416555
0.00990394808419 , 0.995399920554
0.00991612180968 , 0.995421257309
0.00992829522335 , 0.995442428731
0.00994046832406 , 0.995463436685
0.00995264111026 , 0.995484282951
0.00996481358071 , 0.995504969283
0.00997698573377 , 0.995525497412
0.00998915756813 , 0.995545868879
0.010001329082 , 0.99556608552
0.0100135002752 , 0.99558614901
0.0100256711445 , 0.995606060983
0.0100378416897 , 0.995625823054
0.0100500119087 , 0.995645436801
0.0100621818006 , 0.995664903651
0.0100743513639 , 0.995684225311
0.0100865205965 , 0.995703403306
0.0100986894974 , 0.995722439143
0.0101108580658 , 0.995741334308
0.0101230262994 , 0.995760090241
0.0101351941961 , 0.995778708282
0.0101473617568 , 0.995797189993
0.0101595289771 , 0.995815536777
0.0101716958577 , 0.995833750027
0.0101838623971 , 0.995851831111
0.0101960285919 , 0.995869781355
0.0102081944439 , 0.995887602003
0.0102203599481 , 0.995905294487
0.0102325251048 , 0.995922860111
0.0102446899139 , 0.995940300157
0.010256854371 , 0.995957615886
0.0102690184765 , 0.995974808536
0.010281182229 , 0.995991879235
0.0102933456245 , 0.996008829318
0.0103055086655 , 0.996025659992
0.0103176713484 , 0.996042372438
0.0103298336723 , 0.996058967828
0.0103419956345 , 0.996075447316
0.0103541572352 , 0.996091811923
0.0103663184706 , 0.996108062893
0.0103784793429 , 0.996124201345
0.0103906398471 , 0.996140228373
0.0104027999819 , 0.996156145061
0.0104149597494 , 0.996171952484
0.0104271191455 , 0.996187651608
0.0104392781674 , 0.996203243536
0.0104514368168 , 0.99621872933
0.0104635950894 , 0.996234110006
0.0104757529855 , 0.996249386571
0.0104879105026 , 0.996264560016
0.0105000676403 , 0.996279631277
0.0105122243958 , 0.996294601307
0.0105243807681 , 0.996309471126
0.0105365367568 , 0.99632424168
0.0105486923581 , 0.996338913899
0.0105608475739 , 0.99635348871
0.0105730023981 , 0.996367967016
0.0105851568332 , 0.996382349626
0.0105973108761 , 0.996396637527
0.0106094645248 , 0.996410831597
0.01062161778 , 0.996424932705
0.0106337706371 , 0.996438941706
0.0106459230971 , 0.99645285945
0.0106580751571 , 0.996466686727
0.0106702268155 , 0.996480424365
0.0106823780719 , 0.996494073228
0.0106945289242 , 0.996507634125
0.0107066793706 , 0.996521107853
0.0107188294097 , 0.996534495201
0.0107309790403 , 0.99654779695
0.0107431282594 , 0.996561013796
0.0107552770694 , 0.996574146566
0.0107674254648 , 0.996587196023
0.0107795734458 , 0.99660016291
0.01079172101 , 0.996613047964
0.0108038681561 , 0.996625851912
0.0108160148829 , 0.996638575464
0.0108281611906 , 0.99665121927
0.0108403070742 , 0.996663784102
0.0108524525345 , 0.996676270656
0.0108645975684 , 0.996688679616
0.0108767421765 , 0.996701011664
0.0108888863542 , 0.996713267468
0.0109010301029 , 0.996725447679
0.010913173421 , 0.99673755291
0.0109253163042 , 0.996749583867
0.0109374587545 , 0.996761541194
0.0109496007671 , 0.996773425523
0.0109617423423 , 0.996785237481
0.0109738834781 , 0.996796977689
0.0109860241723 , 0.996808646748
0.0109981644252 , 0.996820245224
0.0110103042329 , 0.996831773769
0.0110224435965 , 0.99684323298
0.0110345825123 , 0.996854623442
0.0110467209787 , 0.996865945734
0.0110588589961 , 0.996877200433
0.0110709965606 , 0.996888388104
0.0110831336729 , 0.996899509251
0.0110952703284 , 0.996910564486
0.0111074065294 , 0.996921554365
0.0111195422703 , 0.996932479426
0.0111316775529 , 0.996943340211
0.0111438123739 , 0.996954137251
0.0111559467319 , 0.99696487107
0.0111680806268 , 0.996975542159
0.0111802140539 , 0.996986151041
0.0111923470148 , 0.996996698251
0.0112044795045 , 0.997007184292
0.0112166115265 , 0.997017609666
0.0112287430745 , 0.997027974862
0.0112408741487 , 0.997038280372
0.0112530047484 , 0.997048526677
0.01126513487 , 0.997058714206
0.0112772645119 , 0.997068843483
0.0112893936768 , 0.99707891498
0.0113015223587 , 0.997088929157
0.0113136505548 , 0.997098886471
0.0113257782687 , 0.997108787382
0.0113379054932 , 0.997118632333
0.0113500322326 , 0.997128421762
0.0113621584803 , 0.997138156082
0.0113742842387 , 0.997147835769
0.0113864095019 , 0.997157461249
0.01139853427 , 0.99716703295
0.0114106585439 , 0.997176551298
0.0114227823194 , 0.997186016708
0.0114349055952 , 0.997195429594
0.01144702837 , 0.997204790356
0.0114591506426 , 0.997214099378
0.0114712724094 , 0.997223357093
0.0114833936706 , 0.9972325639
0.0114955144258 , 0.997241720193
0.0115076346706 , 0.997250826359
0.0115197544055 , 0.997259882787
0.0115318736281 , 0.997268889856
0.0115439923355 , 0.997277847945
0.0115561105277 , 0.997286757393
0.0115682282023 , 0.997295618603
0.011580345359 , 0.997304431947
0.0115924619952 , 0.997313197788
0.0116045781074 , 0.997321916482
0.0116166936977 , 0.997330588391
0.0116288087616 , 0.997339213864
0.0116409232997 , 0.997347793252
0.0116530373081 , 0.997356326888
0.0116651507868 , 0.997364815104
0.0116772637329 , 0.997373258263
0.0116893761442 , 0.9973816567
0.0117014880226 , 0.99739001075
0.0117135993613 , 0.99739832074
0.0117257101642 , 0.997406586999
0.0117378204255 , 0.997414809848
0.0117499301432 , 0.997422989607
0.0117620393197 , 0.997431126584
0.0117741479516 , 0.997439221085
0.0117862560339 , 0.997447273438
0.01179836357 , 0.997455283954
0.0118104705555 , 0.997463252938
0.0118225769877 , 0.997471180691
0.0118346828677 , 0.997479067515
0.0118467881913 , 0.997486913704
0.01185889296 , 0.997494719554
0.0118709971677 , 0.997502485355
0.0118831008168 , 0.997510211369
0.0118952039026 , 0.997517897908
0.0119073064261 , 0.997525545257
0.0119194083835 , 0.997533153696
0.0119315097755 , 0.997540723504
0.0119436105974 , 0.997548254954
0.0119557108484 , 0.99755574832
0.011967810529 , 0.997563203874
0.0119799096345 , 0.997570621881
0.0119920081658 , 0.997578002606
0.0120041061203 , 0.997585346292
0.0120162034948 , 0.997592653221
0.0120283002894 , 0.997599923652
0.0120403965016 , 0.997607157841
0.0120524921306 , 0.997614356042
0.0120645871735 , 0.997621518505
0.0120766816294 , 0.99762864548
0.0120887754958 , 0.997635737212
0.0121008687726 , 0.997642793949
0.0121129614565 , 0.99764981593
0.0121250535452 , 0.997656803384
0.0121371450387 , 0.997663756552
0.0121492359355 , 0.997670675681
0.0121613262326 , 0.997677561003
0.0121734159277 , 0.99768441275
0.0121855050219 , 0.997691231153
0.0121975935103 , 0.997698016437
0.0122096813939 , 0.997704768831
0.012221768669 , 0.997711488556
0.0122338553329 , 0.997718175833
0.0122459413881 , 0.997724830885
0.0122580268294 , 0.997731453922
0.0122701116561 , 0.997738045154
0.0122821958661 , 0.997744604807
0.0122942794581 , 0.997751133094
0.0123063624294 , 0.997757630224
0.012318444779 , 0.997764096407
0.0123305265068 , 0.997770531849
0.0123426076081 , 0.997776936755
0.0123546880823 , 0.997783311328
0.0123667679281 , 0.997789655769
0.0123788471435 , 0.997795970279
0.0123909257271 , 0.997802255055
0.0124030036752 , 0.997808510292
0.01241508099 , 0.997814736173
0.0124271576668 , 0.997820932904
0.0124392337029 , 0.997827100675
0.0124513091003 , 0.997833239679
0.0124633838516 , 0.997839350101
0.0124754579616 , 0.99784543213
0.0124875314248 , 0.99785148595
0.0124996042394 , 0.997857511744
0.0125116764042 , 0.997863509693
0.0125237479177 , 0.997869479979
0.0125358187781 , 0.99787542278
0.0125478889826 , 0.997881338273
0.012559958531 , 0.997887226634
0.012572027421 , 0.997893088033
0.0125840956484 , 0.997898922639
0.0125961632168 , 0.997904730634
0.0126082301194 , 0.997910512185
0.0126202963568 , 0.997916267462
0.0126323619248 , 0.997921996631
0.0126444268255 , 0.99792769986
0.0126564910545 , 0.997933377313
0.012668554611 , 0.997939029152
0.0126806174913 , 0.997944655539
0.0126926796961 , 0.997950256635
0.0127047412226 , 0.9979558326
0.0127168020703 , 0.997961383591
0.0127288622335 , 0.997966909764
0.0127409217145 , 0.997972411275
0.0127529805097 , 0.997977888279
0.0127650386171 , 0.997983340921
0.0127770960361 , 0.997988769357
0.0127891527632 , 0.99799417374
0.0128012087981 , 0.99799955422
0.0128132641387 , 0.998004910944
0.0128253187826 , 0.998010244059
0.0128373727284 , 0.998015553712
0.0128494259732 , 0.998020840045
0.0128614785177 , 0.998026103204
0.0128735303571 , 0.998031343329
0.0128855814906 , 0.998036560562
0.0128976319174 , 0.998041755044
0.0129096816348 , 0.998046926912
0.0129217306423 , 0.998052076305
0.0129337789358 , 0.998057203359
0.0129458265139 , 0.998062308209
0.0129578733768 , 0.998067390991
0.0129699195219 , 0.998072451838
0.0129819649442 , 0.998077490882
0.0129940096468 , 0.998082508253
0.0130060536239 , 0.998087504078
0.0130180968771 , 0.998092478492
0.0130301394006 , 0.998097431623
0.0130421811952 , 0.998102363598
0.013054222259 , 0.998107274543
0.0130662625887 , 0.998112164585
0.0130783021835 , 0.998117033847
0.0130903410416 , 0.998121882452
0.0131023791616 , 0.998126710525
0.01311441654 , 0.998131518185
0.0131264531755 , 0.998136305554
0.0131384890671 , 0.998141072752
0.0131505242135 , 0.998145819897
0.0131625586106 , 0.998150547107
0.0131745922577 , 0.998155254499
0.0131866251535 , 0.99815994219
0.0131986572948 , 0.998164610294
0.013210688681 , 0.998169258927
0.013222719309 , 0.9981738882
0.0132347491781 , 0.998178498228
0.0132467782855 , 0.998183089122
0.0132588066303 , 0.998187660993
0.0132708342097 , 0.998192213952
0.0132828610216 , 0.998196748106
0.0132948870658 , 0.998201263566
0.013306912339 , 0.998205760438
0.0133189368384 , 0.99821023883
0.0133309605626 , 0.998214698847
0.0133429835116 , 0.998219140595
0.0133550056813 , 0.998223564178
0.0133670270726 , 0.998227969699
0.0133790476803 , 0.998232357262
0.0133910675035 , 0.998236726969
0.013403086541 , 0.998241078923
0.0134151047913 , 0.998245413223
0.013427122251 , 0.99824972997
0.0134391389174 , 0.998254029263
0.0134511547926 , 0.998258311202
0.0134631698716 , 0.998262575882
0.0134751841523 , 0.998266823402
0.0134871976335 , 0.998271053858
0.0134992103129 , 0.998275267346
0.01351122219 , 0.998279463961
0.0135232332594 , 0.998283643795
0.0135352435239 , 0.998287806946
0.0135472529797 , 0.998291953504
0.0135592616235 , 0.998296083562
0.0135712694535 , 0.998300197211
0.013583276469 , 0.998304294543
0.0135952826681 , 0.998308375647
0.0136072880474 , 0.998312440615
0.0136192926055 , 0.998316489533
0.0136312963419 , 0.998320522492
0.0136432992532 , 0.998324539579
0.0136553013368 , 0.99832854088
0.0136673025923 , 0.998332526483
0.0136793030174 , 0.998336496473
0.0136913026084 , 0.998340450935
0.0137033013674 , 0.998344389956
0.0137152992874 , 0.998348313617
0.0137272963694 , 0.998352222004
0.0137392926119 , 0.998356115199
0.0137512880119 , 0.998359993284
0.0137632825652 , 0.99836385634
0.0137752762752 , 0.998367704451
0.0137872691342 , 0.998371537695
0.0137992611442 , 0.998375356153
0.0138112523016 , 0.998379159905
0.0138232426042 , 0.998382949029
0.0138352320506 , 0.998386723604
0.013847220639 , 0.998390483708
0.0138592083668 , 0.998394229417
0.0138711952313 , 0.99839796081
0.0138831812329 , 0.998401677961
0.0138951663674 , 0.998405380948
0.0139071506323 , 0.998409069844
0.0139191340284 , 0.998412744726
0.0139311165513 , 0.998416405666
0.0139430982 , 0.99842005274
0.0139550789723 , 0.998423686019
0.0139670588665 , 0.998427305576
0.0139790378803 , 0.998430911485
0.013991016011 , 0.998434503815
0.0140029932577 , 0.998438082639
0.0140149696174 , 0.998441648026
0.0140269450894 , 0.998445200048
0.0140389196706 , 0.998448738773
0.0140508933581 , 0.998452264273
0.014062866151 , 0.998455776614
0.014074838049 , 0.998459275867
0.0140868090477 , 0.998462762099
0.0140987791445 , 0.998466235377
0.0141107483397 , 0.998469695768
0.01412271663 , 0.998473143339
0.0141346840119 , 0.998476578156
0.0141466504858 , 0.998480000285
0.0141586160497 , 0.998483409791
0.0141705807 , 0.998486806738
0.0141825444342 , 0.998490191191
0.0141945072526 , 0.998493563215
0.0142064691516 , 0.998496922872
0.014218430129 , 0.998500270226
0.0142303901823 , 0.998503605339
0.0142423493116 , 0.998506928274
0.0142543075119 , 0.998510239092
0.0142662647845 , 0.998513537855
0.0142782211242 , 0.998516824624
0.014290176531 , 0.99852009946
0.0143021310016 , 0.998523362423
0.0143140845355 , 0.998526613573
0.0143260371274 , 0.998529852969
0.0143379887794 , 0.99853308067
0.0143499394855 , 0.998536296732
0.0143618892468 , 0.998539501216
0.0143738380587 , 0.998542694181
0.0143857859213 , 0.998545875683
0.0143977328306 , 0.998549045781
0.0144096787871 , 0.998552204531
0.0144216237855 , 0.99855535199
0.0144335678239 , 0.998558488212
0.0144455109026 , 0.998561613255
0.014457453019 , 0.998564727174
0.014469394169 , 0.998567830024
0.0144813343532 , 0.998570921859
0.0144932735677 , 0.998574002734
0.0145052118106 , 0.998577072703
0.0145171490806 , 0.998580131819
0.0145290853735 , 0.998583180136
0.0145410206906 , 0.998586217707
0.0145529550268 , 0.998589244581
0.0145648883806 , 0.998592260811
0.014576820751 , 0.998595266453
0.0145887521348 , 0.998598261556
0.01460068253 , 0.998601246173
0.0146126119352 , 0.998604220355
0.0146245403468 , 0.998607184152
0.0146364677648 , 0.998610137614
0.0146483941848 , 0.998613080792
0.0146603196065 , 0.998616013735
0.0146722440252 , 0.998618936493
0.0146841674416 , 0.998621849115
0.0146960898539 , 0.998624751649
0.0147080112568 , 0.998627644145
0.0147199316503 , 0.998630526645
0.0147318510313 , 0.998633399202
0.0147437693984 , 0.998636261863
0.0147556867503 , 0.998639114677
0.0147676030823 , 0.998641957689
0.0147795183939 , 0.998644790948
0.0147914326823 , 0.998647614498
0.0148033459465 , 0.998650428388
0.0148152581826 , 0.998653232661
0.0148271693906 , 0.998656027365
0.0148390795652 , 0.998658812543
0.0148509887071 , 0.998661588241
0.0148628968126 , 0.998664354499
0.0148748038803 , 0.998667111366
0.0148867099074 , 0.998669858887
0.0148986148932 , 0.998672597106
0.0149105188326 , 0.998675326065
0.0149224217255 , 0.99867804581
0.0149343235703 , 0.998680756382
0.0149462243642 , 0.998683457826
0.0149581241029 , 0.998686150182
0.0149700227858 , 0.998688833494
0.0149819204126 , 0.998691507799
0.0149938169771 , 0.998694173142
0.01500571248 , 0.998696829567
0.015017606919 , 0.998699477114
0.015029500291 , 0.998702115825
0.0150413925929 , 0.99870474574
0.0150532838252 , 0.998707366901
0.0150651739813 , 0.998709979348
0.0150770630658 , 0.99871258312
0.0150889510694 , 0.998715178255
0.0151008379945 , 0.998717764792
0.0151127238368 , 0.998720342773
0.0151246085942 , 0.998722912239
0.0151364922642 , 0.998725473227
0.0151483748458 , 0.998728025777
0.0151602563355 , 0.998730569927
0.0151721367319 , 0.998733105716
0.0151840160326 , 0.998735633181
0.0151958942348 , 0.998738152354
0.0152077713371 , 0.998740663279
0.0152196473365 , 0.998743165992
0.015231522231 , 0.998745660533
0.0152433960194 , 0.998748146936
0.0152552686961 , 0.99875062524
0.0152671402632 , 0.99875309548
0.0152790107155 , 0.998755557694
0.015290880051 , 0.99875801191
0.0153027482694 , 0.99876045817
0.0153146153658 , 0.998762896511
0.0153264813413 , 0.998765326968
0.01533834619 , 0.998767749577
0.01535020991 , 0.998770164372
0.015362072501 , 0.998772571388
0.0153739339597 , 0.998774970657
0.0153857942839 , 0.998777362212
0.0153976534726 , 0.998779746092
0.0154095115206 , 0.998782122331
0.0154213684287 , 0.998784490962
0.0154332241919 , 0.99878685202
0.0154450788094 , 0.998789205537
0.015456932279 , 0.998791551544
0.0154687845981 , 0.998793890074
0.0154806357626 , 0.998796221162
0.0154924857739 , 0.998798544842
0.0155043346271 , 0.998800861146
0.0155161823206 , 0.998803170108
0.01552802885 , 0.998805471758
0.0155398742181 , 0.998807766123
0.0155517184177 , 0.998810053239
0.0155635614477 , 0.998812333139
0.0155754033071 , 0.998814605855
0.0155872439919 , 0.998816871418
0.0155990835013 , 0.99881912986
0.0156109218306 , 0.998821381206
0.0156227589819 , 0.998823625489
0.0156345949465 , 0.998825862741
0.0156464297297 , 0.998828092995
0.0156582633229 , 0.99883031628
0.0156700957252 , 0.998832532626
0.0156819269368 , 0.99883474206
0.0156937569506 , 0.998836944609
0.0157055857687 , 0.99883914031
0.0157174133877 , 0.99884132919
0.0157292398039 , 0.998843511279
0.0157410650161 , 0.998845686606
0.0157528890216 , 0.998847855195
0.0157647118171 , 0.998850017076
0.0157765334016 , 0.998852172282
0.0157883537726 , 0.998854320841
0.0158001729268 , 0.998856462782
0.0158119908629 , 0.998858598131
0.0158238075777 , 0.998860726909
0.015835623069 , 0.998862849152
0.0158474373348 , 0.998864964889
0.0158592503713 , 0.998867074145
0.0158710621768 , 0.998869176949
0.0158828727526 , 0.998871273323
0.0158946820906 , 0.998873363295
0.015906490191 , 0.998875446896
0.0159182970513 , 0.998877524154
0.0159301026671 , 0.998879595093
0.0159419070419 , 0.998881659737
0.0159537101648 , 0.998883718112
0.01596551204 , 0.998885770248
0.0159773126639 , 0.998887816171
0.0159891120323 , 0.998889855908
0.0160009101439 , 0.998891889481
0.0160127069939 , 0.998893916913
0.0160245025852 , 0.998895938236
0.0160362969094 , 0.998897953474
0.0160480899677 , 0.998899962653
0.0160598817581 , 0.998901965793
0.0160716722758 , 0.99890396292
0.0160834615181 , 0.998905954063
0.0160952494848 , 0.998907939247
0.0161070361719 , 0.998909918496
0.0161188215784 , 0.998911891827
0.0161306057003 , 0.99891385927
0.0161423885368 , 0.998915820851
0.0161541700826 , 0.998917776595
0.0161659503371 , 0.998919726522
0.0161777292997 , 0.998921670652
0.0161895069645 , 0.998923609016
0.0162012833323 , 0.998925541636
0.0162130583977 , 0.998927468537
0.0162248321584 , 0.998929389735
0.0162366046145 , 0.998931305258
0.0162483757619 , 0.998933215131
0.0162601455958 , 0.998935119376
0.016271914119 , 0.998937018015
0.0162836813252 , 0.998938911065
0.0162954472123 , 0.998940798557
0.0163072117794 , 0.998942680512
0.0163189750229 , 0.998944556952
0.0163307369387 , 0.998946427892
0.0163424975271 , 0.998948293362
0.0163542567848 , 0.998950153384
0.0163660147087 , 0.99895200798
0.0163777712961 , 0.998953857163
0.0163895265445 , 0.998955700963
0.0164012804523 , 0.998957539402
0.0164130330174 , 0.998959372502
0.0164247842358 , 0.998961200275
0.0164365341042 , 0.99896302275
0.0164482826235 , 0.998964839949
0.0164600297874 , 0.998966651893
0.0164717755961 , 0.998968458595
0.0164835200458 , 0.998970260083
0.0164952631342 , 0.998972056378
0.0165070048581 , 0.9989738475
0.0165187452152 , 0.998975633462
0.0165304842058 , 0.998977414293
0.0165422218239 , 0.998979190013
0.0165539580665 , 0.99898096064
0.0165656929326 , 0.998982726189
0.0165774264203 , 0.998984486687
0.0165891585271 , 0.998986242154
0.0166008892487 , 0.998987992605
0.0166126185842 , 0.99898973806
0.0166243465294 , 0.998991478543
0.0166360730832 , 0.998993214073
0.0166477982423 , 0.998994944663
0.0166595220048 , 0.998996670336
0.0166712443674 , 0.998998391115
0.0166829653274 , 0.999000107016
0.0166946848816 , 0.999001818052
0.016706403031 , 0.999003524251
0.0167181197687 , 0.99900522563
0.0167298350932 , 0.999006922204
0.0167415490039 , 0.999008613991
0.0167532614958 , 0.999010301015
0.0167649725687 , 0.999011983293
0.0167766822168 , 0.999013660836
0.01678839044 , 0.99901533367
0.0168000972358 , 0.999017001814
0.0168118026 , 0.999018665279
0.0168235065316 , 0.999020324087
0.0168352090265 , 0.999021978258
0.0168469100819 , 0.999023627807
0.0168586096974 , 0.999025272749
0.0168703078671 , 0.999026913107
0.0168820045929 , 0.999028548899
0.0168936998687 , 0.999030180133
0.0169053936923 , 0.999031806836
0.0169170860616 , 0.999033429025
0.0169287769735 , 0.99903504671
0.0169404664268 , 0.999036659913
0.0169521544171 , 0.999038268653
0.0169638409423 , 0.999039872943
0.0169755259984 , 0.999041472798
0.0169872095861 , 0.999043068242
0.0169988917003 , 0.999044659287
0.0170105723397 , 0.999046245946
0.017022251501 , 0.999047828243
0.0170339291813 , 0.999049406192
0.0170456053774 , 0.999050979804
0.0170572800861 , 0.999052549102
0.0170689533077 , 0.999054114102
0.0170806250361 , 0.999055674812
0.0170922952716 , 0.999057231257
0.0171039640097 , 0.999058783452
0.0171156312474 , 0.999060331405
0.0171272969852 , 0.999061875141
0.0171389612155 , 0.999063414674
0.0171506239387 , 0.999064950012
0.0171622851519 , 0.99906648118
0.0171739448523 , 0.999068008191
0.0171856030358 , 0.999069531055
0.0171972597026 , 0.999071049794
0.0172089148468 , 0.999072564422
0.0172205684668 , 0.999074074949
0.0172322205613 , 0.999075581398
0.0172438711261 , 0.999077083779
0.0172555201587 , 0.999078582106
0.0172671676571 , 0.999080076399
0.0172788136165 , 0.999081566668
0.0172904580377 , 0.999083052929
0.0173021009148 , 0.9990845352
0.0173137422458 , 0.99908601349
0.017325382029 , 0.999087487817
0.0173370202619 , 0.999088958198
0.0173486569403 , 0.999090424639
0.0173602920619 , 0.999091887163
0.0173719256235 , 0.999093345782
0.0173835576235 , 0.999094800506
0.017395188059 , 0.999096251355
0.0174068169274 , 0.999097698339
0.0174184442248 , 0.999099141473
0.0174300699481 , 0.999100580774
0.0174416940968 , 0.999102016249
0.0174533166668 , 0.999103447919
0.0174649376555 , 0.999104875796
0.0174765570584 , 0.999106299888
0.0174881748758 , 0.999107720217
0.0174997911029 , 0.999109136792
0.0175114057365 , 0.999110549625
0.0175230187755 , 0.999111958736
0.0175346302194 , 0.999113364129
0.0175462400577 , 0.999114765825
0.0175578482939 , 0.999116163835
0.0175694549245 , 0.999117558169
0.0175810599465 , 0.999118948848
0.0175926633545 , 0.999120335874
0.0176042651494 , 0.999121719269
0.0176158653255 , 0.999123099043
0.0176274638813 , 0.999124475207
0.0176390608135 , 0.999125847779
0.0176506561206 , 0.999127216764
0.0176622497984 , 0.999128582182
0.0176738418439 , 0.999129944043
0.0176854322545 , 0.999131302357
0.0176970210277 , 0.999132657142
0.017708608161 , 0.999134008403
0.0177201936513 , 0.99913535616
0.0177317774955 , 0.999136700421
0.0177433596923 , 0.9991380412
0.0177549402358 , 0.99913937851
0.0177665191248 , 0.999140712358
0.0177780963577 , 0.999142042764
0.0177896719303 , 0.999143369733
0.0178012458384 , 0.999144693282
0.0178128180823 , 0.999146013421
0.0178243886568 , 0.99914733016
0.01783595756 , 0.999148643517
0.0178475247887 , 0.999149953495
0.0178590903397 , 0.999151260115
0.0178706542106 , 0.99915256338
0.0178822163984 , 0.999153863308
0.017893776901 , 0.999155159908
0.0179053357142 , 0.999156453192
0.0179168928361 , 0.999157743173
0.0179284482626 , 0.999159029858
0.0179400019916 , 0.999160313265
0.017951554021 , 0.999161593397
0.0179631043468 , 0.999162870274
0.0179746529665 , 0.9991641439
0.0179861998774 , 0.999165414292
0.0179977450768 , 0.999166681457
0.0180092885594 , 0.999167945408
0.0180208303255 , 0.999169206157
0.0180323703706 , 0.999170463712
0.0180439086923 , 0.999171718088
0.0180554452877 , 0.99917296929
0.0180669801529 , 0.999174217336
0.0180785132858 , 0.999175462229
0.0180900446848 , 0.999176703989
0.0181015743455 , 0.999177942616
0.0181131022616 , 0.999179178131
0.0181246284368 , 0.999180410537
0.0181361528642 , 0.999181639849
0.0181476755403 , 0.999182866075
0.0181591964648 , 0.999184089228
0.0181707156342 , 0.999185309315
0.0181822330435 , 0.99918652635
0.018193748691 , 0.99918774034
0.0182052625735 , 0.999188951298
0.0182167746887 , 0.999190159233
0.0182282850335 , 0.999191364155
0.0182397936032 , 0.999192566075
0.0182513003981 , 0.999193765002
0.0182628054126 , 0.999194960948
0.0182743086435 , 0.99919615392
0.0182858100897 , 0.999197343931
0.0182973097481 , 0.999198530989
0.0183088076129 , 0.999199715105
0.0183203036861 , 0.999200896287
0.0183317979584 , 0.999202074548
0.0183432904319 , 0.999203249895
0.0183547811026 , 0.999204422339
0.0183662699655 , 0.999205591889
0.0183777570194 , 0.999206758555
0.0183892422613 , 0.999207922347
0.0184007256855 , 0.999209083273
0.0184122072916 , 0.999210241345
0.0184236870771 , 0.99921139657
0.018435165039 , 0.999212548961
0.0184466411719 , 0.999213698522
0.0184581154739 , 0.999214845268
0.0184695879423 , 0.999215989202
0.0184810585745 , 0.999217130341
0.0184925273661 , 0.999218268687
0.0185039943168 , 0.999219404256
0.0185154594194 , 0.999220537048
0.0185269226742 , 0.999221667083
0.0185383840771 , 0.999222794361
0.0185498436235 , 0.999223918897
0.0185613013132 , 0.999225040696
0.0185727571413 , 0.99922615977
0.0185842111052 , 0.999227276126
0.0185956632032 , 0.999228389773
0.018607113429 , 0.999229500722
0.0186185617826 , 0.999230608978
0.018630008259 , 0.999231714555
0.0186414528555 , 0.999232817455
0.0186528955697 , 0.999233917693
